"FullName","Url","Owner","Language","Stars","Fork","Archived","CreatedAt","UpdatedAt","Description","Topics","SourceQueries"
"ItzCrazyKns/Vane","https://github.com/ItzCrazyKns/Vane","ItzCrazyKns","TypeScript","34115","False","False","4/9/2024 10:51:32 AM","5/3/2026 7:32:26 AM","Vane is an AI-powered answering engine.","ai-agents;ai-search-engine;answering-engine;artificial-intelligence;llm;machine-learning;open-source-ai-search-engine;perplexica;rag;search-engine;searxng;searxng-copilot;self-hosted-ai;vane","topic:llm stars:>=100"
"sunmh207/AI-Codereview-Gitlab","https://github.com/sunmh207/AI-Codereview-Gitlab","sunmh207","Python","1654","False","False","11/14/2024 8:48:26 AM","5/2/2026 12:13:30 PM","基于大模型(DeepSeek,OpenAI等)的 GitLab 自动代码审查工具；支持钉钉/企业微信/飞书推送消息和生成日报；支持Docker部署；可视化 Dashboard。","ai;codereview;deepseek;gitlab;gpt;llm","topic:deepseek language:Python stars:>=50"
"Taiko2k/Tauon","https://github.com/Taiko2k/Tauon","Taiko2k","Python","2616","False","False","2/17/2016 2:11:56 AM","5/3/2026 8:04:07 AM","The music player of today! :city_sunrise:","audio;desktop-app;flac;flatpak;linux;linux-app;linux-desktop;mp3;music;music-library;music-player;player;windows","topic:audio language:Python stars:>=50"
"astral-sh/ty","https://github.com/astral-sh/ty","astral-sh","Python","18485","False","False","5/2/2025 4:37:51 PM","5/3/2026 1:33:07 AM","An extremely fast Python type checker and language server, written in Rust.","","t language:Python stars:>=50"
"HKUDS/LightRAG","https://github.com/HKUDS/LightRAG","HKUDS","Python","34682","False","False","10/2/2024 11:57:54 AM","5/3/2026 8:12:48 AM","[EMNLP2025] ""LightRAG: Simple and Fast Retrieval-Augmented Generation""","genai;gpt;gpt-4;graphrag;knowledge-graph;large-language-models;llm;rag;retrieval-augmented-generation","topic:llm stars:>=100"
"EleutherAI/gpt-neox","https://github.com/EleutherAI/gpt-neox","EleutherAI","Python","7426","False","False","12/22/2020 2:37:54 PM","4/28/2026 8:06:31 PM","An implementation of model parallel autoregressive transformers on GPUs, based on the Megatron and DeepSpeed libraries","deepspeed-library;gpt-3;language-model;transformers","transformers language:Python stars:>=50"
"FunAudioLLM/Fun-ASR","https://github.com/FunAudioLLM/Fun-ASR","FunAudioLLM","Python","1105","False","False","12/15/2025 1:46:48 AM","5/3/2026 2:16:04 AM","Fun-ASR is an end-to-end speech recognition large model launched by Tongyi Lab. ","audio;audio-language-model;audio-understanding;fun-asr;multimodal-large-language-models;pytorch;speaker-diarization;speech-recognition","topic:audio language:Python stars:>=50"
"hkchengrex/MMAudio","https://github.com/hkchengrex/MMAudio","hkchengrex","Python","2162","False","False","12/7/2024 7:47:39 AM","5/3/2026 1:34:44 AM","[CVPR 2025] MMAudio: Taming Multimodal Joint Training for High-Quality Video-to-Audio Synthesis","audio;audio-synthesis;computer-vision;deep-learning;text-to-audio;video-to-audio","topic:audio language:Python stars:>=50"
"jadore801120/attention-is-all-you-need-pytorch","https://github.com/jadore801120/attention-is-all-you-need-pytorch","jadore801120","Python","9713","False","False","6/14/2017 10:15:20 AM","5/3/2026 7:08:59 AM","A PyTorch implementation of the Transformer model in ""Attention is All You Need"".","attention;attention-is-all-you-need;deep-learning;natural-language-processing;nlp;pytorch","transformers language:Python stars:>=50"
"lukas-blecher/LaTeX-OCR","https://github.com/lukas-blecher/LaTeX-OCR","lukas-blecher","Python","16357","False","False","12/11/2020 4:35:13 PM","5/3/2026 5:44:25 AM","pix2tex: Using a ViT to convert images of equations into LaTeX code.","dataset;deep-learning;im2latex;im2markup;im2text;image-processing;image2text;latex;latex-ocr;machine-learning;math-ocr;ocr;python;pytorch;transformer;vision-transformer;vit","topic:deep-learning language:Python stars:>=50 | t language:Python stars:>=50"
"diodiogod/TTS-Audio-Suite","https://github.com/diodiogod/TTS-Audio-Suite","diodiogod","Python","899","False","False","8/6/2025 7:33:01 PM","5/2/2026 7:42:59 PM","A ComfyUI custom node integration for local multi-engine multi-language Text-to-Speech and Voice Conversion. Supports: RVC, Echo-TTS, Qwen3-TTS, Cozy Voice 3, Step Audio EditX, IndexTTS-2, Chatterbox (classic and multilingual), F5-TTS, Higgs Audio 2 and VibeVoice with unlimited text length, SRT timing, Character support, and many audio tools","ai-audio;audio;audio-editing;audio-generation;audio-processing;chatterbox;comfyui;cozy-voice-3;echo-tts;f5;f5-tts;higgs-audio;indextts-2;qwen3-tts;rvc;text-to-speech;tts;vibevoice;voice-cloning;voice-conversion","topic:audio language:Python stars:>=50"
"Flame-Code-VLM/Flame-Code-VLM","https://github.com/Flame-Code-VLM/Flame-Code-VLM","Flame-Code-VLM","Python","559","False","False","2/10/2025 2:27:32 AM","4/29/2026 2:30:46 PM","Flame is an open-source multimodal AI system designed to translate UI design mockups into high-quality React code. It leverages vision-language modeling, automated data synthesis, and structured training workflows to bridge the gap between design and front-end development.","ai;code-generation;data-synthesis;deep-learning;deepseek;design-to-code;front-end;frontend;frontend-development;image-to-code;image-to-text;llm;multimodal;open-source;react;screen-to-code;vision-language-model;vlm;vue","topic:deepseek language:Python stars:>=50"
"sergree/matchering","https://github.com/sergree/matchering","sergree","Python","2507","False","False","9/28/2018 7:21:01 PM","5/3/2026 8:10:43 AM","🎚️ Open Source Audio Matching and Mastering","audio;docker-image;dsp;equalizer;filter;limiter;mastering;matchering;matching;music;numpy;python;python-library;python3;scipy;sound;spectrum;vst","topic:audio language:Python stars:>=50"
"chenfei-wu/TaskMatrix","https://github.com/chenfei-wu/TaskMatrix","chenfei-wu","Python","34133","False","False","3/2/2023 9:04:28 AM","5/3/2026 7:19:22 AM","","","t language:Python stars:>=50"
"tgbot-collection/YYeTsBot","https://github.com/tgbot-collection/YYeTsBot","tgbot-collection","Python","16053","False","False","8/15/2019 7:50:56 AM","5/3/2026 3:13:23 AM","🎬 人人影视 机器人和网站，包含人人影视全部资源以及众多网友的网盘分享","bot;movies;telegram-bot;tv-shows;yyets;zimuxia","t language:Python stars:>=50"
"649453932/Chinese-Text-Classification-Pytorch","https://github.com/649453932/Chinese-Text-Classification-Pytorch","649453932","Python","5733","False","False","7/11/2019 1:38:08 AM","4/28/2026 9:53:39 PM","中文文本分类，TextCNN，TextRNN，FastText，TextRCNN，BiLSTM_Attention，DPCNN，Transformer，基于pytorch，开箱即用。","","transformers language:Python stars:>=50"
"affaan-m/everything-claude-code","https://github.com/affaan-m/everything-claude-code","affaan-m","JavaScript","172275","False","False","1/18/2026 12:51:51 AM","5/3/2026 8:19:48 AM","The agent harness performance optimization system. Skills, instincts, memory, security, and research-first development for Claude Code, Codex, Opencode, Cursor and beyond.","ai-agents;anthropic;claude;claude-code;developer-tools;llm;mcp;productivity","topic:llm stars:>=100"
"swisskyrepo/PayloadsAllTheThings","https://github.com/swisskyrepo/PayloadsAllTheThings","swisskyrepo","Python","77425","False","False","10/18/2016 7:29:07 AM","5/3/2026 7:03:45 AM","A list of useful payloads and bypass for Web Application Security and Pentest/CTF","bounty;bugbounty;bypass;cheatsheet;enumeration;hacking;hacktoberfest;methodology;payload;payloads;penetration-testing;pentest;privilege-escalation;redteam;security;vulnerability;web-application","t language:Python stars:>=50"
"jeanslack/Videomass","https://github.com/jeanslack/Videomass","jeanslack","Python","1625","False","False","9/17/2018 11:04:43 AM","5/3/2026 12:01:43 AM","Videomass is a free, open source and cross-platform GUI for FFmpeg","audio;conversion;converter-encoding;cross-platform;ffmpeg;ffmpeg-gui;ffmpeg-wrapper;media-converter;multimedia;multitasking;python;python-gui;video;wxpython","topic:audio language:Python stars:>=50"
"WZMIAOMIAO/deep-learning-for-image-processing","https://github.com/WZMIAOMIAO/deep-learning-for-image-processing","WZMIAOMIAO","Python","26228","False","False","11/14/2019 3:02:27 PM","5/2/2026 7:58:19 AM","deep learning for image processing including classification and object-detection etc.","bilibili;classification;deep-learning;object-detection;pytorch;segmentation;tensorflow2","topic:deep-learning language:Python stars:>=50"
"roboflow/supervision","https://github.com/roboflow/supervision","roboflow","Python","38297","False","False","11/28/2022 2:08:44 PM","5/3/2026 8:12:42 AM","We write your reusable computer vision tools. 💜","classification;coco;computer-vision;deep-learning;hacktoberfest;image-processing;instance-segmentation;low-code;machine-learning;metrics;object-detection;oriented-bounding-box;pascal-voc;python;pytorch;tensorflow;tracking;video-processing;yolo","topic:deep-learning language:Python stars:>=50"
"LCAV/pyroomacoustics","https://github.com/LCAV/pyroomacoustics","LCAV","Python","1851","False","False","12/24/2015 1:41:25 PM","5/1/2026 4:10:10 PM","Pyroomacoustics is a package for audio signal processing for indoor applications. It was developed as a fast prototyping platform for beamforming algorithms in indoor scenarios.","acoustics;adaptive-filtering;audio;beamforming;doa;image-source-model;room-impulse-response;stft","topic:audio language:Python stars:>=50"
"camel-ai/camel","https://github.com/camel-ai/camel","camel-ai","Python","16862","False","False","3/17/2023 9:41:54 PM","5/3/2026 4:26:09 AM","🐫 CAMEL: The first and the best multi-agent framework. Finding the Scaling Law of Agents. https://www.camel-ai.org","agent;ai-societies;artificial-intelligence;communicative-ai;cooperative-ai;deep-learning;large-language-models;multi-agent-systems;natural-language-processing","topic:deep-learning language:Python stars:>=50"
"JuliusBrussee/caveman","https://github.com/JuliusBrussee/caveman","JuliusBrussee","Python","52647","False","False","4/4/2026 10:03:00 AM","5/3/2026 8:20:02 AM","🪨 why use many token when few token do trick — Claude Code skill that cuts 65% of tokens by talking like caveman","ai;anthropic;caveman;claude;claude-code;llm;meme;prompt-engineering;skill;tokens","topic:llm stars:>=100"
"Uberi/speech_recognition","https://github.com/Uberi/speech_recognition","Uberi","Python","8968","False","False","4/23/2014 4:53:54 AM","5/2/2026 9:29:44 AM","Speech recognition module for Python, supporting several engines and APIs, online and offline.","audio;python;speech-recognition;speech-to-text","topic:audio language:Python stars:>=50"
"laramies/theHarvester","https://github.com/laramies/theHarvester","laramies","Python","16133","False","False","1/1/2011 8:40:15 PM","5/3/2026 7:49:43 AM","E-mails, subdomains and names Harvester - OSINT ","blueteam;discovery;emails;information-gathering;osint;python;recon;reconnaissance;redteam;subdomain-enumeration","t language:Python stars:>=50"
"HKUDS/DeepTutor","https://github.com/HKUDS/DeepTutor","HKUDS","Python","23005","False","False","12/28/2025 3:35:54 PM","5/3/2026 8:03:02 AM","""DeepTutor: Agent-Native Personalized Learning Assistant""","ai-agents;ai-tutor;clawdbot;cli-tool;deepresearch;interactive-learning;large-language-models;multi-agent-systems;rag","t language:Python stars:>=50"
"Textualize/textual","https://github.com/Textualize/textual","Textualize","Python","35691","False","False","4/8/2021 3:24:47 PM","5/3/2026 7:35:00 AM","The lean application framework for Python.  Build sophisticated user interfaces with a simple Python API. Run your apps in the terminal and a web browser.","cli;framework;python;rich;terminal;tui","t language:Python stars:>=50"
"hindupuravinash/the-gan-zoo","https://github.com/hindupuravinash/the-gan-zoo","hindupuravinash","Python","14698","False","False","4/14/2017 4:45:24 PM","5/3/2026 4:51:48 AM","A list of all named GANs!","gan;generative-adversarial-network;machine-learning","t language:Python stars:>=50"
"mravanelli/SincNet","https://github.com/mravanelli/SincNet","mravanelli","Python","1238","False","False","7/10/2018 7:54:09 PM","4/29/2026 6:14:25 AM","SincNet is a neural architecture for efficiently processing raw audio samples.","artificial-intelligence;asr;audio;audio-processing;cnn;convolutional-neural-networks;deep-learning;digital-signal-processing;filtering;neural-networks;python;pytorch;signal-processing;speaker-identification;speaker-recognition;speaker-verification;speech-processing;speech-recognition;timit;waveform","topic:audio language:Python stars:>=50"
"jina-ai/serve","https://github.com/jina-ai/serve","jina-ai","Python","21873","False","False","2/13/2020 5:04:44 PM","5/2/2026 4:19:05 PM","☁️ Build multimodal AI applications with cloud-native stack","cloud-native;cncf;deep-learning;docker;fastapi;framework;generative-ai;grpc;jaeger;kubernetes;llmops;machine-learning;microservice;mlops;multimodal;neural-search;opentelemetry;orchestration;pipeline;prometheus","topic:deep-learning language:Python stars:>=50"
"NVIDIA/Megatron-LM","https://github.com/NVIDIA/Megatron-LM","NVIDIA","Python","16209","False","False","3/21/2019 4:15:52 PM","5/3/2026 8:02:03 AM","Ongoing research training transformer models at scale","large-language-models;model-para;transformers","transformers language:Python stars:>=50"
"tqdm/tqdm","https://github.com/tqdm/tqdm","tqdm","Python","31135","False","False","6/3/2015 1:13:14 PM","5/2/2026 2:26:25 PM",":zap: A Fast, Extensible Progress Bar for Python and CLI","cli;closember;console;discord;gui;jupyter;keras;meter;pandas;parallel;progress;progress-bar;progressbar;progressmeter;python;rate;telegram;terminal;time;utilities","t language:Python stars:>=50"
"MaartenGr/BERTopic","https://github.com/MaartenGr/BERTopic","MaartenGr","Python","7578","False","False","9/22/2020 2:19:29 PM","5/2/2026 3:51:51 AM","Leveraging BERT and c-TF-IDF to create easily interpretable topics. ","bert;ldavis;machine-learning;nlp;sentence-embeddings;topic;topic-modeling;topic-modelling;topic-models;transformers","transformers language:Python stars:>=50"
"junyanz/pytorch-CycleGAN-and-pix2pix","https://github.com/junyanz/pytorch-CycleGAN-and-pix2pix","junyanz","Python","25105","False","False","4/18/2017 10:33:05 AM","5/3/2026 7:04:19 AM","Image-to-Image Translation in PyTorch","computer-graphics;computer-vision;cyclegan;deep-learning;gan;gans;generative-adversarial-network;image-generation;image-manipulation;pix2pix;pytorch","topic:deep-learning language:Python stars:>=50"
"xtekky/gpt4free","https://github.com/xtekky/gpt4free","xtekky","Python","66156","False","False","3/29/2023 5:00:43 PM","5/3/2026 8:13:16 AM","The official gpt4free repository | various collection of powerful language models | opus 4.6 gpt 5.3 kimi 2.5 deepseek v3.2 gemini 3","chatbot;chatbots;chatgpt;chatgpt-4;chatgpt-api;chatgpt-free;chatgpt4;deepseek;deepseek-api;deepseek-r1;gpt;gpt-4;gpt-4o;gpt4;gpt4-api;language-model;openai;openai-api;openai-chatgpt;reverse-engineering","topic:deepseek language:Python stars:>=50"
"edent/SuperTinyIcons","https://github.com/edent/SuperTinyIcons","edent","Python","15316","False","False","4/13/2017 11:28:34 PM","4/29/2026 3:33:35 AM","Under 1KB each! Super Tiny Icons are miniscule SVG versions of your favourite website and app logos","hacktoberfest;logo;social-media;svg;svg-icons;tiny-social-icons","t language:Python stars:>=50"
"meta-pytorch/gpt-fast","https://github.com/meta-pytorch/gpt-fast","meta-pytorch","Python","6205","False","False","10/17/2023 5:30:32 AM","5/1/2026 8:48:44 PM","Simple and efficient pytorch-native transformer text generation in <1000 LOC of python.","","transformers language:Python stars:>=50"
"belangeo/pyo","https://github.com/belangeo/pyo","belangeo","Python","1428","False","False","8/25/2015 3:23:20 PM","5/1/2026 4:24:22 AM","Python DSP module","audio;c;dsp;music;pyo;python;radio-pyo;signal-processing;sound;synthesis","topic:audio language:Python stars:>=50"
"babysor/MockingBird","https://github.com/babysor/MockingBird","babysor","Python","36901","False","False","8/7/2021 3:53:39 AM","5/2/2026 11:41:36 AM","🚀Clone a voice in 5 seconds to generate arbitrary speech in real-time","ai;deep-learning;pytorch;speech;text-to-speech;tts","topic:deep-learning language:Python stars:>=50"
"zilliztech/deep-searcher","https://github.com/zilliztech/deep-searcher","zilliztech","Python","7808","False","False","2/8/2025 2:07:05 AM","5/3/2026 2:51:05 AM","Open Source Deep Research Alternative to Reason and Search on Private Data. Written in Python.","agent;agentic-rag;claude;deep-research;deepseek;deepseek-r1;grok;grok3;llama4;llm;milvus;openai;qwen3;rag;reasoning-models;vector-database;zilliz","topic:deepseek language:Python stars:>=50"
"milvus-io/milvus","https://github.com/milvus-io/milvus","milvus-io","Go","44097","False","False","9/16/2019 6:43:43 AM","5/3/2026 4:45:20 AM","Milvus is a high-performance, cloud-native vector database built for scalable vector ANN search","anns;cloud-native;diskann;distributed;embedding-database;embedding-similarity;embedding-store;faiss;golang;hnsw;image-search;llm;nearest-neighbor-search;rag;vector-database;vector-search;vector-similarity;vector-store","topic:llm stars:>=100"
"LibreTranslate/LibreTranslate","https://github.com/LibreTranslate/LibreTranslate","LibreTranslate","Python","14282","False","False","12/19/2020 7:19:34 PM","5/3/2026 3:15:08 AM","Free and Open Source Machine Translation API. Self-hosted, offline capable and easy to setup.","api;machine;translate;translation;translator","t language:Python stars:>=50"
"RICHQAQ/PasteMD","https://github.com/RICHQAQ/PasteMD","RICHQAQ","Python","4733","False","False","10/25/2025 2:18:34 PM","5/3/2026 5:41:42 AM","一键将 Markdown 和网页 AI 对话（ChatGPT/DeepSeek等）完美粘贴到 Word、WPS 和 Excel 的效率工具 | One-click paste Markdown and AI responses (ChatGPT/DeepSeek) into Word, WPS, and Excel perfectly.","ai;chatgpt;clipboard;converter;deepseek;excel;latex;markdown;pandoc;productivity;python;word;wps","topic:deepseek language:Python stars:>=50"
"knowsuchagency/pdf-to-podcast","https://github.com/knowsuchagency/pdf-to-podcast","knowsuchagency","Python","838","False","False","6/9/2024 4:28:05 AM","5/2/2026 1:57:59 AM","Convert any PDF into a podcast episode!","ai;audio;research;utilities","topic:audio language:Python stars:>=50"
"tlecomte/friture","https://github.com/tlecomte/friture","tlecomte","Python","1088","False","False","1/7/2009 11:27:41 AM","4/28/2026 11:15:21 AM","Real-time audio visualizations (spectrum, spectrogram, etc.)","audio;audio-analysis;python;spectrogram;spectrum;spectrum-analyzer","topic:audio language:Python stars:>=50"
"wzdnzd/harvester","https://github.com/wzdnzd/harvester","wzdnzd","Python","549","False","False","8/11/2025 9:11:27 AM","4/26/2026 2:20:10 PM","Intelligent data acquisition framework for GitHub and web sources","ai;anthropic;deepseek;gemini;openai;qwen","topic:deepseek language:Python stars:>=50"
"MigoXLab/dingo","https://github.com/MigoXLab/dingo","MigoXLab","Python","691","False","False","12/24/2024 5:59:24 AM","4/30/2026 7:44:29 AM","Dingo: A Comprehensive AI Data, Model and Application Quality Evaluation Tool","agent-as-a-judge;common-crawl;data-agent;data-evaluation;data-quality;data-quality-assessment;data-quality-report;data-validation;dataquality;datascience;deepseek;hallucination;hallucination-detection;llm;llm-as-a-judge;openai;opencompass;qwen;spark;vlm","topic:deepseek language:Python stars:>=50"
"recommenders-team/recommenders","https://github.com/recommenders-team/recommenders","recommenders-team","Python","21667","False","False","9/19/2018 10:06:07 AM","5/3/2026 6:26:54 AM","Best Practices on Recommendation Systems","ai;artificial-intelligence;data-science;deep-learning;jupyter-notebook;kubernetes;machine-learning;operationalization;python;ranking;rating;recommendation;recommendation-algorithm;recommendation-engine;recommendation-system;recommender;tutorial","topic:deep-learning language:Python stars:>=50"
"d2l-ai/d2l-zh","https://github.com/d2l-ai/d2l-zh","d2l-ai","Python","77593","False","False","8/23/2017 4:40:24 AM","5/3/2026 8:12:36 AM","《动手学深度学习》：面向中文读者、能运行、可讨论。中英文版被70多个国家的500多所大学用于教学。","book;chinese;computer-vision;deep-learning;machine-learning;natural-language-processing;notebook;python","topic:deep-learning language:Python stars:>=50"
"lucidrains/x-transformers","https://github.com/lucidrains/x-transformers","lucidrains","Python","5850","False","False","10/24/2020 10:13:25 PM","5/2/2026 10:27:35 PM","A concise but complete full-attention transformer with a set of promising experimental features from various papers","artificial-intelligence;attention-mechanism;deep-learning;transformers","transformers language:Python stars:>=50"
"microsoft/qlib","https://github.com/microsoft/qlib","microsoft","Python","41867","False","False","8/14/2020 6:46:00 AM","5/3/2026 8:20:17 AM","Qlib is an AI-oriented Quant investment platform that aims to use AI tech to empower Quant Research, from exploring ideas to implementing productions. Qlib supports diverse ML modeling paradigms, including supervised learning, market dynamics modeling, and RL, and is now equipped with https://github.com/microsoft/RD-Agent to automate R&D process.","algorithmic-trading;auto-quant;deep-learning;finance;fintech;investment;machine-learning;paper;platform;python;quant;quant-dataset;quant-models;quantitative-finance;quantitative-trading;research;research-paper;stock-data","topic:deep-learning language:Python stars:>=50"
"BerriAI/litellm","https://github.com/BerriAI/litellm","BerriAI","Python","45523","False","False","7/27/2023 12:09:52 AM","5/3/2026 8:17:01 AM","Python SDK, Proxy Server (AI Gateway) to call 100+ LLM APIs in OpenAI (or native) format, with cost tracking, guardrails, loadbalancing and logging. [Bedrock, Azure, OpenAI, VertexAI, Cohere, Anthropic, Sagemaker, HuggingFace, VLLM, NVIDIA NIM]","ai-gateway;anthropic;azure-openai;bedrock;gateway;langchain;litellm;llm;llm-gateway;llmops;mcp-gateway;openai;openai-proxy;vertex-ai","topic:llm stars:>=100"
"harry0703/MoneyPrinterTurbo","https://github.com/harry0703/MoneyPrinterTurbo","harry0703","Python","56658","False","False","3/11/2024 2:57:34 AM","5/3/2026 7:57:42 AM","利用AI大模型，一键生成高清短视频 Generate short videos with one click using AI LLM.","ai;automation;chatgpt;moviepy;python;shortvideo;tiktok","t language:Python stars:>=50"
"Fincept-Corporation/FinceptTerminal","https://github.com/Fincept-Corporation/FinceptTerminal","Fincept-Corporation","Python","19291","False","False","8/29/2024 2:38:08 PM","5/3/2026 8:18:16 AM","FinceptTerminal is a modern finance application offering advanced market analytics, investment research, and economic data tools, designed for interactive exploration and data-driven decision-making in a user-friendly environment.","ai-agents;algorithmic-trading;bloomberg-terminal;cpp;finance;financial-markets;fintech;good-first-issue;investment;investment-research;machine-learning;opensource;python;qt;quantitative-finance;stock-market;trading","t language:Python stars:>=50"
"khoj-ai/khoj","https://github.com/khoj-ai/khoj","khoj-ai","Python","34361","False","False","8/16/2021 1:48:44 AM","5/3/2026 7:12:14 AM","Your AI second brain. Self-hostable. Get answers from the web or your docs. Build custom agents, schedule automations, do deep research. Turn any online or local LLM into your personal, autonomous AI (gpt, claude, gemini, llama, qwen, mistral). Get started - free.","agent;ai;assistant;chat;chatgpt;emacs;image-generation;llama3;llamacpp;llm;obsidian;obsidian-md;offline-llm;productivity;rag;research;self-hosted;semantic-search;stt;whatsapp-ai","topic:llm stars:>=100"
"deepfakes/faceswap","https://github.com/deepfakes/faceswap","deepfakes","Python","55203","False","False","12/19/2017 9:44:13 AM","5/3/2026 6:57:28 AM","Deepfakes Software For All","deep-face-swap;deep-learning;deep-neural-networks;deepface;deepfakes;deeplearning;face-swap;faceswap;fakeapp;machine-learning;myfakeapp;neural-nets;neural-networks;openfaceswap","topic:deep-learning language:Python stars:>=50"
"yuruotong1/autoMate","https://github.com/yuruotong1/autoMate","yuruotong1","Python","3908","False","False","1/20/2024 3:04:09 AM","5/2/2026 9:33:37 AM","Like Manus, Computer Use Agent(CUA) and Omniparser, we are computer-using agents.AI-driven local automation assistant that uses natural language to make computers work by themselves","agent;ai;computeruse;deepseek;manus;ollama;omniparser;openai;openmanus;response;rpa","topic:deepseek language:Python stars:>=50"
"langgenius/dify","https://github.com/langgenius/dify","langgenius","TypeScript","139923","False","False","4/12/2023 7:40:24 AM","5/3/2026 8:14:32 AM","Production-ready platform for agentic workflow development.","agent;agentic-ai;agentic-framework;agentic-workflow;ai;automation;gemini;genai;gpt;gpt-4;llm;low-code;mcp;nextjs;no-code;openai;orchestration;python;rag;workflow","topic:llm stars:>=100"
"he-yufeng/CoreCoder","https://github.com/he-yufeng/CoreCoder","he-yufeng","Python","658","False","False","4/1/2026 7:54:54 PM","5/2/2026 1:45:34 PM","Minimal AI coding agent (~1,400 LoC Python) inspired by Claude Code. Works with any LLM. Think NanoGPT for coding agents. Formerly NanoCoder.","ai-agent;claude-code;cli;coding-agent;corecoder;deepseek;developer-tools;llm;openai;python","topic:deepseek language:Python stars:>=50"
"whipper-team/whipper","https://github.com/whipper-team/whipper","whipper-team","Python","1358","False","False","4/8/2015 8:45:29 PM","4/27/2026 8:25:07 PM","Python CD-DA ripper preferring accuracy over speed","audio;cd-da-ripper;cd-ripper;cdda;cli;digital-audio;flac;linux;morituri;python;rip;terminal;unix;whipper","topic:audio language:Python stars:>=50"
"OpenHands/OpenHands","https://github.com/OpenHands/OpenHands","OpenHands","Python","72535","False","False","3/13/2024 3:33:31 AM","5/3/2026 8:13:56 AM","🙌 OpenHands: AI-Driven Development","agent;artificial-intelligence;chatgpt;claude-ai;cli;developer-tools;gpt;llm;openai","topic:llm stars:>=100"
"OpenBMB/VoxCPM","https://github.com/OpenBMB/VoxCPM","OpenBMB","Python","17069","False","False","9/16/2025 3:41:49 AM","5/3/2026 8:18:36 AM","VoxCPM2: Tokenizer-Free TTS for Multilingual Speech Generation, Creative Voice Design, and True-to-Life Cloning","audio;deeplearning;minicpm;multilingual;python;pytorch;speech;speech-synthesis;text-to-speech;tts;tts-model;voice-cloning;voice-design;voxcpm","topic:audio language:Python stars:>=50"
"GradientHQ/parallax","https://github.com/GradientHQ/parallax","GradientHQ","Python","1268","False","False","9/22/2025 7:00:51 AM","4/30/2026 2:00:35 PM","Parallax is a distributed model serving framework that lets you build your own AI cluster anywhere","blackwell;chatbot;decentralized-inference;deepseek;distributed-systems;glm;kimi;large-language-models;llama;llm;llm-serving;minimax;oss-gpt;python;pytorch;qwen;transformer","topic:deepseek language:Python stars:>=50"
"Avaiga/taipy","https://github.com/Avaiga/taipy","Avaiga","Python","19173","False","False","2/18/2022 3:55:45 PM","5/2/2026 5:57:55 PM","Turns Data and AI algorithms into production-ready web applications in no time.","automation;data-engineering;data-integration;data-ops;data-visualization;datascience;developer-tools;hacktoberfest;hacktoberfest2023;job-scheduler;mlops;orchestration;pipeline;pipelines;python;scenario;scenario-analysis;taipy-core;taipy-gui;workflow","t language:Python stars:>=50"
"openai/tiktoken","https://github.com/openai/tiktoken","openai","Python","18083","False","False","12/1/2022 11:22:11 PM","5/3/2026 2:00:50 AM","tiktoken is a fast BPE tokeniser for use with OpenAI's models.","","t language:Python stars:>=50"
"OpenBMB/UltraRAG","https://github.com/OpenBMB/UltraRAG","OpenBMB","Python","5532","False","False","1/16/2025 10:56:02 AM","5/2/2026 8:12:53 PM","[GitHub Trending #2] A Low-Code MCP Framework for Building Complex and Innovative RAG Pipelines","deepseek;demo;easy;embedding;flask;gpt;huggingface-transformers;llm;mcp;multimodal;openai;qwen;rag;sentence-transformers;ui;vllm;vlm","topic:deepseek language:Python stars:>=50"
"nvbn/thefuck","https://github.com/nvbn/thefuck","nvbn","Python","96786","False","False","4/8/2015 3:08:04 PM","5/3/2026 6:51:30 AM","Magnificent app which corrects your previous console command.","python;shell","t language:Python stars:>=50"
"google/magika","https://github.com/google/magika","google","Python","16867","False","False","8/22/2023 9:36:55 AM","5/3/2026 6:18:12 AM","Fast and accurate AI powered file content types detection ","ai;deep-learning;filetype;keras-classification-models;keras-models;mime-types;onnx","topic:deep-learning language:Python stars:>=50"
"browser-use/browser-use","https://github.com/browser-use/browser-use","browser-use","Python","91768","False","False","10/31/2024 4:00:56 PM","5/3/2026 8:12:49 AM","🌐 Make websites accessible for AI agents. Automate tasks online with ease.","ai-agents;ai-tools;browser-automation;browser-use;llm;playwright;python","topic:llm stars:>=100"
"JaidedAI/EasyOCR","https://github.com/JaidedAI/EasyOCR","JaidedAI","Python","29389","False","False","3/14/2020 11:46:39 AM","5/3/2026 4:57:21 AM","Ready-to-use OCR with 80+ supported languages and all popular writing scripts including Latin, Chinese, Arabic, Devanagari, Cyrillic and etc.","cnn;crnn;data-mining;deep-learning;easyocr;image-processing;information-retrieval;lstm;machine-learning;ocr;optical-character-recognition;python;pytorch;scene-text;scene-text-recognition","topic:deep-learning language:Python stars:>=50"
"jessevig/bertviz","https://github.com/jessevig/bertviz","jessevig","Python","8039","False","False","12/16/2018 4:50:42 PM","5/3/2026 3:22:33 AM","BertViz: Visualize Attention in Transformer Models","bert;gpt2;machine-learning;natural-language-processing;neural-network;nlp;pytorch;roberta;transformer;transformers;visualization","transformers language:Python stars:>=50"
"pytorch/pytorch","https://github.com/pytorch/pytorch","pytorch","Python","99593","False","False","8/13/2016 5:26:41 AM","5/3/2026 7:43:13 AM","Tensors and Dynamic neural networks in Python with strong GPU acceleration","autograd;deep-learning;gpu;machine-learning;neural-network;numpy;python;tensor","topic:deep-learning language:Python stars:>=50"
"keunwoochoi/kapre","https://github.com/keunwoochoi/kapre","keunwoochoi","Python","945","False","False","12/14/2016 6:36:36 PM","5/1/2026 2:56:29 PM","kapre: Keras Audio Preprocessors","audio;kapre-layers;keras;keras-audio-preprocessors;melspectrogram;preprocess;shot;spectrogram;tensorflow","topic:audio language:Python stars:>=50"
"ultralytics/ultralytics","https://github.com/ultralytics/ultralytics","ultralytics","Python","56692","False","False","9/11/2022 4:39:45 PM","5/3/2026 7:47:41 AM","Ultralytics YOLO 🚀","cli;computer-vision;deep-learning;hub;image-classification;instance-segmentation;machine-learning;object-detection;pose-estimation;python;pytorch;rotated-object-detection;segment-anything;tracking;ultralytics;yolo;yolo-world;yolo11;yolo26;yolov8","topic:deep-learning language:Python stars:>=50"
"spotify/basic-pitch","https://github.com/spotify/basic-pitch","spotify","Python","4967","False","False","5/3/2022 9:10:03 AM","5/3/2026 5:48:31 AM","A lightweight yet powerful audio-to-MIDI converter with pitch bend detection","audio;lightweight;machine-learning;midi;music;pitch-detection;polyphonic;python;transcription;typescript","topic:audio language:Python stars:>=50"
"waditu/tushare","https://github.com/waditu/tushare","waditu","Python","14829","False","False","1/7/2015 7:51:14 AM","5/3/2026 3:58:49 AM","TuShare is a utility for crawling historical data of China stocks","finance;fintech;pandas;python;realtime-quotes-data;stock-data;stock-market;tushare","t language:Python stars:>=50"
"csteinmetz1/auraloss","https://github.com/csteinmetz1/auraloss","csteinmetz1","Python","862","False","False","10/26/2020 1:44:24 AM","4/30/2026 11:24:58 PM","Collection of audio-focused loss functions in PyTorch","audio;loss-functions;pytorch","topic:audio language:Python stars:>=50"
"muammar/mkchromecast","https://github.com/muammar/mkchromecast","muammar","Python","2338","False","False","3/19/2016 11:59:07 AM","5/1/2026 4:34:38 PM","Cast macOS and Linux Audio/Video to your Google Cast and Sonos Devices","alsa;audio;cast-audio;cast-videos;chromecast;chromecast-audio;debian;linux;macos;node;pychromecast;python;python3;sample-rate;sonos;sonos-speakers;soundflower;tray-menu;video","topic:audio language:Python stars:>=50"
"microsoft/Swin-Transformer","https://github.com/microsoft/Swin-Transformer","microsoft","Python","15891","False","False","3/25/2021 12:42:36 PM","5/3/2026 1:36:33 AM","This is an official implementation for ""Swin Transformer: Hierarchical Vision Transformer using Shifted Windows"".","ade20k;image-classification;imagenet;mask-rcnn;mscoco;object-detection;semantic-segmentation;swin-transformer","transformers language:Python stars:>=50 | t language:Python stars:>=50"
"datawhalechina/hello-agents","https://github.com/datawhalechina/hello-agents","datawhalechina","Python","42270","False","False","9/7/2025 9:50:24 AM","5/3/2026 8:19:49 AM","📚 《从零开始构建智能体》——从零开始的智能体原理与实践教程","agent;llm;rag;tutorial","topic:llm stars:>=100"
"AIGC-Audio/AudioGPT","https://github.com/AIGC-Audio/AudioGPT","AIGC-Audio","Python","10189","False","False","3/16/2023 7:12:18 AM","5/2/2026 1:34:32 PM","AudioGPT: Understanding and Generating Speech, Music, Sound, and Talking Head","audio;gpt;music;sound;speech;talking-head","topic:audio language:Python stars:>=50"
"deepspeedai/DeepSpeed","https://github.com/deepspeedai/DeepSpeed","deepspeedai","Python","42238","False","False","1/23/2020 6:35:18 PM","5/3/2026 7:20:05 AM","DeepSpeed is a deep learning optimization library that makes distributed training and inference easy, efficient, and effective.","billion-parameters;compression;data-parallelism;deep-learning;gpu;inference;machine-learning;mixture-of-experts;model-parallelism;pipeline-parallelism;pytorch;trillion-parameters;zero","topic:deep-learning language:Python stars:>=50"
"pyg-team/pytorch_geometric","https://github.com/pyg-team/pytorch_geometric","pyg-team","Python","23716","False","False","10/6/2017 4:03:03 PM","5/1/2026 8:25:28 AM","Graph Neural Network Library for PyTorch","deep-learning;geometric-deep-learning;graph-convolutional-networks;graph-neural-networks;pytorch","topic:deep-learning language:Python stars:>=50"
"lucidrains/PaLM-rlhf-pytorch","https://github.com/lucidrains/PaLM-rlhf-pytorch","lucidrains","Python","7868","False","False","12/9/2022 5:53:46 PM","4/30/2026 8:34:17 AM","Implementation of RLHF (Reinforcement Learning with Human Feedback) on top of the PaLM architecture. Basically ChatGPT but with PaLM","artificial-intelligence;attention-mechanisms;deep-learning;human-feedback;reinforcement-learning;transformers","transformers language:Python stars:>=50"
"Amm1rr/WebAI-to-API","https://github.com/Amm1rr/WebAI-to-API","Amm1rr","Python","1064","False","False","7/22/2023 9:06:30 PM","5/3/2026 4:05:47 AM","Gemini to API (Don't need API KEY) (ChatGPT, Claude, DeeepSeek, Grok and more)","ai;api;api-less;bard;chatbot;chatgpt;claude;deepseek;fastapi;free;gemini;gemini-api;google-bard-api;grok;llm;python;uvicorn;webserver;webservice","topic:deepseek language:Python stars:>=50"
"hsliuping/TradingAgents-CN","https://github.com/hsliuping/TradingAgents-CN","hsliuping","Python","25326","False","False","6/26/2025 7:45:09 AM","5/3/2026 8:14:16 AM","基于多智能体LLM的中文金融交易框架 - TradingAgents中文增强版","","t language:Python stars:>=50"
"tsurumeso/vocal-remover","https://github.com/tsurumeso/vocal-remover","tsurumeso","Python","1748","False","False","7/21/2019 12:14:04 PM","4/28/2026 5:47:55 AM","Vocal Remover using Deep Neural Networks","audio;deep-learning;pytorch;segmentation;spectrogram;vocal-separation","topic:audio language:Python stars:>=50"
"librosa/librosa","https://github.com/librosa/librosa","librosa","Python","8370","False","False","10/20/2012 2:21:01 PM","5/3/2026 1:44:33 AM","Python library for audio and music analysis","audio;dsp;librosa;music;python;scipy","topic:audio language:Python stars:>=50"
"ollama/ollama","https://github.com/ollama/ollama","ollama","Go","170592","False","False","6/26/2023 7:39:32 PM","5/3/2026 8:20:05 AM","Get up and running with Kimi-K2.5, GLM-5, MiniMax, DeepSeek, gpt-oss, Qwen, Gemma and other models.","deepseek;gemma;gemma3;glm;go;golang;gpt-oss;llama;llama3;llm;llms;minimax;mistral;ollama;qwen","topic:llm stars:>=100"
"melih-unsal/DemoGPT","https://github.com/melih-unsal/DemoGPT","melih-unsal","Python","1897","False","False","6/7/2023 9:56:20 AM","4/24/2026 7:06:18 AM","🤖 Everything you need to create an LLM Agent—tools, prompts, frameworks, and models—all in one place.","agent;agents;ai;artificial-intelligence;autogpt;autonomous-agents;chatgpt;chatgpt-api;deepseek;demo;gpt-4;langchain;langchain-app;langchain-python;llms;o1;openai;python;streamlit;streamlit-application","topic:deepseek language:Python stars:>=50"
"lhotse-speech/lhotse","https://github.com/lhotse-speech/lhotse","lhotse-speech","Python","1129","False","False","4/24/2020 2:08:10 PM","5/2/2026 9:31:29 AM","Tools for handling multimodal data in machine learning projects.","ai;audio;data;deep-learning;kaldi;machine-learning;python;pytorch;speech;speech-recognition","topic:audio language:Python stars:>=50"
"microsoft/JARVIS","https://github.com/microsoft/JARVIS","microsoft","Python","24686","False","False","3/30/2023 2:57:12 AM","5/3/2026 6:52:09 AM","JARVIS, a system to connect LLMs with ML community. Paper: https://arxiv.org/pdf/2303.17580.pdf","deep-learning;platform;pytorch","topic:deep-learning language:Python stars:>=50"
"Anjok07/ultimatevocalremovergui","https://github.com/Anjok07/ultimatevocalremovergui","Anjok07","Python","24496","False","False","7/20/2020 9:29:01 PM","5/3/2026 7:35:55 AM"," GUI for a Vocal Remover that uses Deep Neural Networks.","audio;instrumental;karaoke;kareokee;music;pytorch;separation;source;spectrogram;vocal;vocal-remover;vocals","topic:audio language:Python stars:>=50"
"google-research/timesfm","https://github.com/google-research/timesfm","google-research","Python","19300","False","False","4/29/2024 9:26:26 PM","5/3/2026 8:13:33 AM","TimesFM (Time Series Foundation Model) is a pretrained time-series foundation model developed by Google Research for time-series forecasting.","","t language:Python stars:>=50"
"zzw922cn/Automatic_Speech_Recognition","https://github.com/zzw922cn/Automatic_Speech_Recognition","zzw922cn","Python","2838","False","False","11/13/2016 3:51:07 AM","4/16/2026 6:33:05 PM","End-to-end Automatic Speech Recognition for Madarian and English in Tensorflow ","audio;automatic-speech-recognition;chinese-speech-recognition;cnn;data-preprocessing;deep-learning;end-to-end;evaluation;feature-vector;layer-normalization;lstm;paper;phonemes;rnn;rnn-encoder-decoder;speech-recognition;tensorflow;timit-dataset","topic:audio language:Python stars:>=50"
"gpustack/gpustack","https://github.com/gpustack/gpustack","gpustack","Python","4951","False","False","5/11/2024 3:41:58 AM","5/3/2026 4:45:30 AM","A GPU cluster manager that configures and orchestrates inference engines like vLLM and SGLang for high-performance AI model deployment.","ascend;cuda;deepseek;distributed-inference;genai;high-performance-inference;inference;llama;llm;llm-inference;llm-serving;maas;mindie;openai;qwen;rocm;sglang;vllm","topic:deepseek language:Python stars:>=50"
"FoundationAgents/MetaGPT","https://github.com/FoundationAgents/MetaGPT","FoundationAgents","Python","67644","False","False","6/30/2023 9:04:55 AM","5/3/2026 7:19:14 AM","🌟 The Multi-Agent Framework: First AI Software Company, Towards Natural Language Programming","agent;gpt;llm;metagpt;multi-agent","topic:llm stars:>=100"
"eosphoros-ai/DB-GPT","https://github.com/eosphoros-ai/DB-GPT","eosphoros-ai","Python","18650","False","False","4/13/2023 2:52:43 PM","5/3/2026 4:04:47 AM","open-source agentic AI data assistant for the next generation of AI + Data products.","agents;bgi;database;deepseek;gpt;gpt-4;hacktoberfest;llm;private;rag;security;vicuna","topic:deepseek language:Python stars:>=50"
"hpcaitech/ColossalAI","https://github.com/hpcaitech/ColossalAI","hpcaitech","Python","41374","False","False","10/28/2021 4:19:44 PM","5/2/2026 3:18:56 PM","Making large AI models cheaper, faster and more accessible","ai;big-model;data-parallelism;deep-learning;distributed-computing;foundation-models;heterogeneous-training;hpc;inference;large-scale;model-parallelism;pipeline-parallelism","topic:deep-learning language:Python stars:>=50"
"smacke/ffsubsync","https://github.com/smacke/ffsubsync","smacke","Python","7681","False","False","2/24/2019 2:56:44 AM","5/3/2026 7:55:18 AM","Automagically synchronize subtitles with video.","alignment;audio;caption;captions;fast-fourier-transform;ffmpeg;fft;speech-detection;srt;srt-subtitles;string-alignment;subtitle;subtitles;sync;synchronization;vad;video;vlc;vlc-media-player;voice-activity-detection","topic:audio language:Python stars:>=50"
"wwbin2017/bailing","https://github.com/wwbin2017/bailing","wwbin2017","Python","1681","False","False","8/25/2024 8:52:46 AM","5/2/2026 12:07:07 PM","百聆 是一个类似GPT-4o的语音对话机器人，通过ASR+LLM+TTS实现，集成DeepSeek R1等优秀大模型，接入openClaw，真正的个人语音助手，时延低至800ms，Mac等低配置也可运行，支持打断","ai;asr;chatgpt;chattts;deepseek;funasr;gpt-4o;llm;openai;openclaw;tts;voice-assistant","topic:deepseek language:Python stars:>=50"
"sgl-project/sglang","https://github.com/sgl-project/sglang","sgl-project","Python","26988","False","False","1/8/2024 4:15:52 AM","5/3/2026 8:19:47 AM","SGLang is a high-performance serving framework for large language models and multimodal models.","attention;blackwell;cuda;deepseek;diffusion;glm;gpt-oss;inference;llama;llm;minimax;moe;qwen;qwen-image;reinforcement-learning;transformer;vlm;wan","topic:deepseek language:Python stars:>=50"
"spatialaudio/python-sounddevice","https://github.com/spatialaudio/python-sounddevice","spatialaudio","Python","1245","False","False","6/20/2015 3:34:00 PM","4/23/2026 1:24:38 PM",":sound: Play and Record Sound with Python :snake:","audio;portaudio;python;soundcard","topic:audio language:Python stars:>=50"
"AUTOMATIC1111/stable-diffusion-webui","https://github.com/AUTOMATIC1111/stable-diffusion-webui","AUTOMATIC1111","Python","162698","False","False","8/22/2022 2:05:26 PM","5/3/2026 8:14:18 AM","Stable Diffusion web UI","ai;ai-art;deep-learning;diffusion;gradio;image-generation;image2image;img2img;pytorch;stable-diffusion;text2image;torch;txt2img;unstable;upscaling;web","topic:deep-learning language:Python stars:>=50"
"coqui-ai/TTS","https://github.com/coqui-ai/TTS","coqui-ai","Python","45208","False","False","5/20/2020 3:45:28 PM","5/3/2026 5:48:42 AM","🐸💬 - a deep learning toolkit for Text-to-Speech, battle-tested in research and production","deep-learning;glow-tts;hifigan;melgan;multi-speaker-tts;python;pytorch;speaker-encoder;speaker-encodings;speech;speech-synthesis;tacotron;text-to-speech;tts;tts-model;vocoder;voice-cloning;voice-conversion;voice-synthesis","topic:deep-learning language:Python stars:>=50 | t language:Python stars:>=50"
"turningpoint-ai/VisualThinker-R1-Zero","https://github.com/turningpoint-ai/VisualThinker-R1-Zero","turningpoint-ai","Python","622","False","False","2/24/2025 1:37:04 AM","4/28/2026 9:54:59 PM","Explore the Multimodal “Aha Moment” on 2B Model","deepseek;deepseek-r1;deepseek-r1-zero;grpo;multimodal;multimodal-journey;multimodal-r1;post-training;r1;r1-zero;reasoning;reinforcement-learning","topic:deepseek language:Python stars:>=50"
"metabrainz/picard","https://github.com/metabrainz/picard","metabrainz","Python","4836","False","False","8/16/2011 10:30:23 PM","5/3/2026 4:00:44 AM","Picard is a cross-platform music tagger powered by the MusicBrainz database","acoustid;audio;id3;music;music-tagger;musicbrainz;musicbrainz-picard;picard;python;tagger","topic:audio language:Python stars:>=50"
"imoneoi/openchat","https://github.com/imoneoi/openchat","imoneoi","Python","5480","False","False","5/25/2023 2:58:59 PM","4/29/2026 9:57:34 PM","OpenChat: Advancing Open-source Language Models with Imperfect Data","large-language-models;open-source;transformers","transformers language:Python stars:>=50"
"SYSTRAN/faster-whisper","https://github.com/SYSTRAN/faster-whisper","SYSTRAN","Python","22577","False","False","2/11/2023 9:17:27 AM","5/3/2026 8:10:50 AM","Faster Whisper transcription with CTranslate2","deep-learning;inference;openai;quantization;speech-recognition;speech-to-text;transformer;whisper","topic:deep-learning language:Python stars:>=50"
"asgeirtj/system_prompts_leaks","https://github.com/asgeirtj/system_prompts_leaks","asgeirtj","","39399","False","False","5/3/2025 2:43:56 AM","5/3/2026 8:16:01 AM","Extracted system prompts from ChatGPT (GPT-5.5 Thinking), Claude (Opus 4.7, Opus 4.6, Sonnet 4.6, Claude Code), Gemini (3.1 Pro, 3 Flash, Gemini CLI), Grok (4.3 beta), Perplexity, and more. Updated regularly.","ai;ai-transparency;anthropic;chatgpt;claude;claude-code;gemini;generative-ai;gpt-5;grok;large-language-models;llm;openai;perplexity;prompt-engineering;system-prompt;system-prompts;xai","topic:llm stars:>=100"
"lucidrains/DALLE-pytorch","https://github.com/lucidrains/DALLE-pytorch","lucidrains","Python","5629","False","False","1/5/2021 8:35:16 PM","5/3/2026 6:45:34 AM","Implementation / replication of DALL-E, OpenAI's Text to Image Transformer, in Pytorch","artificial-intelligence;attention-mechanism;deep-learning;multi-modal;text-to-image;transformers","transformers language:Python stars:>=50"
"descriptinc/descript-audio-codec","https://github.com/descriptinc/descript-audio-codec","descriptinc","Python","1782","False","False","6/12/2023 7:00:34 PM","5/2/2026 6:46:01 PM","State-of-the-art audio codec with 90x compression factor. Supports 44.1kHz, 24kHz, and 16kHz mono/stereo audio.","audio;audio-compression;codec;compression-algorithm;deep-learning;gans;generative-adversarial-network;pytorch;residual-vector-quantization","topic:audio language:Python stars:>=50"
"wkentaro/labelme","https://github.com/wkentaro/labelme","wkentaro","Python","15811","False","False","5/9/2016 12:30:26 PM","5/2/2026 5:08:26 PM","Image annotation with Python. Supports polygon, rectangle, circle, line, point, and AI-assisted annotation.","annotations;classification;computer-vision;deep-learning;image-annotation;instance-segmentation;python;semantic-segmentation;video-annotation","topic:deep-learning language:Python stars:>=50"
"SanMuzZzZz/LuaN1aoAgent","https://github.com/SanMuzZzZz/LuaN1aoAgent","SanMuzZzZz","Python","746","False","False","12/4/2025 4:30:36 PM","5/2/2026 9:08:51 AM","LuaN1aoAgent is a cognitive-driven AI hacker. It is a fully autonomous AI penetration testing agent powered by DeepSeek V3.2. Using dual-graph reasoning, LuaN1ao achieves a success rate of over 90% on the XBOW Benchmark, with a median exploit cost of just $0.09.","agents;ai;ai-agents;ai-security-tool;autonomous-agents;causal-graphs;cybersecurity;deepseek;large-language-models;llm;multi-agent-systems;penetration-testing;penetration-testing-tools;pentest;plan-execute-reflect;security-automation;security-tools","topic:deepseek language:Python stars:>=50"
"streamlit/streamlit","https://github.com/streamlit/streamlit","streamlit","Python","44428","False","False","8/24/2019 12:14:52 AM","5/3/2026 8:12:40 AM","Streamlit — A faster way to build and share data apps.","data-analysis;data-science;data-visualization;deep-learning;developer-tools;machine-learning;python;streamlit","topic:deep-learning language:Python stars:>=50"
"janhq/jan","https://github.com/janhq/jan","janhq","TypeScript","42339","False","False","8/17/2023 2:17:10 AM","5/3/2026 7:32:55 AM","Jan is an open source alternative to ChatGPT that runs 100% offline on your computer.","chatgpt;gpt;llamacpp;llm;localai;open-source;self-hosted;tauri","topic:llm stars:>=100"
"MemPalace/mempalace","https://github.com/MemPalace/mempalace","MemPalace","Python","50808","False","False","4/5/2026 1:12:07 AM","5/3/2026 8:19:05 AM","The best-benchmarked open-source AI memory system. And it's free.","ai;chromadb;llm;mcp;memory;python","topic:llm stars:>=100"
"python-telegram-bot/python-telegram-bot","https://github.com/python-telegram-bot/python-telegram-bot","python-telegram-bot","Python","29076","False","False","7/7/2015 3:30:39 PM","5/3/2026 6:32:32 AM","We have made you a wrapper you can't refuse","bot;chatbot;framework;python;telegram","t language:Python stars:>=50"
"zhayujie/CowAgent","https://github.com/zhayujie/CowAgent","zhayujie","Python","43978","False","False","8/7/2022 8:33:41 AM","5/3/2026 7:16:52 AM","CowAgent (chatgpt-on-wechat) 是基于大模型的超级AI助理，能主动思考和任务规划、访问操作系统和外部资源、创造和执行Skills、通过长期记忆和知识库不断成长，比OpenClaw更轻量和便捷。同时支持微信、飞书、钉钉、企微、QQ、公众号、网页等接入，可选择DeepSeek/OpenAI/Claude/Gemini/ MiniMax/Qwen/GLM/LinkAI，能处理文本、语音、图片和文件，可快速搭建个人AI助理和企业数字员工。","ai;ai-agent;chatgpt-on-wechat;claude;deepseek;dingtalk;feishu-bot;gemini;kimi;linkai;llm;mcp;multi-agent;openai;openclaw;python3;qwen;skills;wechat;weixin","topic:deepseek language:Python stars:>=50 | topic:llm stars:>=100"
"open-webui/open-webui","https://github.com/open-webui/open-webui","open-webui","Python","135271","False","False","10/6/2023 10:08:27 PM","5/3/2026 8:12:46 AM","User-friendly AI Interface (Supports Ollama, OpenAI API, ...)","ai;llm;llm-ui;llm-webui;llms;mcp;ollama;ollama-webui;open-webui;openai;openapi;rag;self-hosted;ui;webui","topic:llm stars:>=100"
"speechbrain/speechbrain","https://github.com/speechbrain/speechbrain","speechbrain","Python","11504","False","False","4/28/2020 5:48:45 PM","5/3/2026 1:26:58 AM","A PyTorch-based Speech Toolkit","asr;audio;audio-processing;deep-learning;huggingface;language-model;pytorch;speaker-diarization;speaker-recognition;speaker-verification;speech-enhancement;speech-processing;speech-recognition;speech-separation;speech-to-text;speech-toolkit;speechrecognition;spoken-language-understanding;transformers;voice-recognition","topic:audio language:Python stars:>=50 | transformers language:Python stars:>=50"
"OpenMOSS/MOSS-TTS","https://github.com/OpenMOSS/MOSS-TTS","OpenMOSS","Python","1726","False","False","2/7/2026 2:05:49 PM","5/3/2026 8:05:34 AM","MOSS‑TTS Family is an open‑source speech and sound generation model family from MOSI.AI and the OpenMOSS team. It is designed for high‑fidelity, high‑expressiveness, and complex real‑world scenarios, covering stable long‑form speech, multi‑speaker dialogue, voice/character design, environmental sound effects, and real‑time streaming TTS.","audio;audio-tokenizer;llm;multimodal;text-to-speech;voice-cloning","topic:audio language:Python stars:>=50"
"deezer/spleeter","https://github.com/deezer/spleeter","deezer","Python","28198","False","False","9/26/2019 3:40:46 PM","5/3/2026 7:49:41 AM","Deezer source separation library including pretrained models.","audio-processing;bass;deep-learning;deezer;drums;model;pretrained-models;python;tensorflow;vocals","topic:deep-learning language:Python stars:>=50"
"TauricResearch/TradingAgents","https://github.com/TauricResearch/TradingAgents","TauricResearch","Python","63656","False","False","12/28/2024 3:31:08 AM","5/3/2026 8:20:38 AM","TradingAgents: Multi-Agents LLM Financial Trading Framework","agent;finance;llm;multiagent;trading","t language:Python stars:>=50 | topic:llm stars:>=100"
"upstash/context7","https://github.com/upstash/context7","upstash","TypeScript","54325","False","False","3/26/2025 11:40:39 PM","5/3/2026 8:12:50 AM","Context7 Platform -- Up-to-date code documentation for LLMs and AI code editors","llm;mcp;mcp-server;vibe-coding","topic:llm stars:>=100"
"bigcode-project/bigcodebench","https://github.com/bigcode-project/bigcodebench","bigcode-project","Python","498","False","False","4/29/2024 11:46:10 AM","4/30/2026 4:41:01 PM","[ICLR'25] BigCodeBench: Benchmarking Code Generation Towards AGI","agent;agents;benchmark;chatgpt;claude-3;code-generation;deepseek;function-calling;gemini;gpt-4;instruction-following;large-language-models;llm;program-synthesis;tool-use","topic:deepseek language:Python stars:>=50"
"shareAI-lab/learn-claude-code","https://github.com/shareAI-lab/learn-claude-code","shareAI-lab","TypeScript","57864","False","False","6/29/2025 3:34:15 PM","5/3/2026 8:20:59 AM","Bash is all you need -  A nano claude code–like 「agent harness」, built from 0 to 1","agent;agent-development;ai-agent;claude;claude-code;educational;llm;python;teaching;tutorial","topic:llm stars:>=100"
"riffusion/riffusion-hobby","https://github.com/riffusion/riffusion-hobby","riffusion","Python","3897","False","False","11/25/2022 9:16:13 PM","4/30/2026 1:25:22 PM","Stable diffusion for real-time music generation","ai;audio;diffusers;diffusion;music;stable-diffusion","topic:audio language:Python stars:>=50"
"Rikorose/DeepFilterNet","https://github.com/Rikorose/DeepFilterNet","Rikorose","Python","4127","False","False","10/10/2021 5:32:57 PM","5/3/2026 4:23:39 AM","Noise supression using deep filtering","audio;deep-learning;noise-suppression;pytorch;rust;speech;speech-enhancement","topic:audio language:Python stars:>=50"
"chatchat-space/Langchain-Chatchat","https://github.com/chatchat-space/Langchain-Chatchat","chatchat-space","Python","37951","False","False","3/31/2023 12:12:45 PM","5/3/2026 4:53:36 AM","Langchain-Chatchat（原Langchain-ChatGLM）基于 Langchain 与 ChatGLM, Qwen 与 Llama 等语言模型的 RAG 与 Agent 应用 | Langchain-Chatchat (formerly langchain-ChatGLM), local knowledge based LLM (like ChatGLM, Qwen and Llama) RAG and Agent app with langchain ","chatbot;chatchat;chatglm;chatgpt;embedding;faiss;fastchat;gpt;knowledge-base;langchain;langchain-chatglm;llama;llm;milvus;ollama;qwen;rag;retrieval-augmented-generation;streamlit;xinference","topic:llm stars:>=100"
"samim23/polymath","https://github.com/samim23/polymath","samim23","Python","1577","False","False","2/5/2023 9:57:29 PM","5/2/2026 5:01:22 AM","Convert any music library into a music production sample-library with ML","audio;machine-learning;ml;music;python","topic:audio language:Python stars:>=50"
"vllm-project/vllm","https://github.com/vllm-project/vllm","vllm-project","Python","78900","False","False","2/9/2023 11:23:20 AM","5/3/2026 8:18:38 AM","A high-throughput and memory-efficient inference and serving engine for LLMs","amd;blackwell;cuda;deepseek;deepseek-v3;gpt;gpt-oss;inference;kimi;llama;llm;llm-serving;model-serving;moe;openai;pytorch;qwen;qwen3;tpu;transformer","topic:deepseek language:Python stars:>=50 | topic:llm stars:>=100"
"aledipa/Free-GPT4-WEB-API","https://github.com/aledipa/Free-GPT4-WEB-API","aledipa","Python","694","False","False","4/24/2023 7:21:02 PM","5/3/2026 5:38:13 AM","Not just GPT4! Easy to use, Self-Hosted, Unlimited and Free WEB API of the latest A.I. like Gemini, DeepSeek, Claude and GPT","api;api-server;artificial-intelligence;chatgpt;claude-ai;deepseek;docker;docker-images;docker-service;free-gpt;gemini-api;gpt;gpt-alternative;python;python-api;python-app;python3;self-hosted;sirigpt;web-api","topic:deepseek language:Python stars:>=50"
"QuivrHQ/quivr","https://github.com/QuivrHQ/quivr","QuivrHQ","Python","39124","False","False","5/12/2023 11:53:30 PM","5/3/2026 6:22:15 AM","Opiniated RAG for integrating GenAI in your apps 🧠   Focus on your product rather than the RAG. Easy integration in existing products with customisation!  Any LLM: GPT4, Groq, Llama. Any Vectorstore: PGVector, Faiss. Any Files. Anyway you want.","ai;api;chatbot;chatgpt;database;docker;framework;frontend;groq;html;javascript;llm;openai;postgresql;privacy;rag;react;security;typescript;vector","topic:llm stars:>=100"
"tyiannak/pyAudioAnalysis","https://github.com/tyiannak/pyAudioAnalysis","tyiannak","Python","6239","False","False","8/27/2014 12:43:13 PM","4/28/2026 3:42:16 PM","Python Audio Analysis Library: Feature Extraction, Classification, Segmentation and Applications","audio;audio-analysis-tasks;audio-data;machine-learning;pyaudioanalysis;python;signal-processing","topic:audio language:Python stars:>=50"
"tinytag/tinytag","https://github.com/tinytag/tinytag","tinytag","Python","813","False","False","1/27/2014 3:27:01 PM","5/1/2026 4:48:59 AM","Python library for reading audio file metadata","aiff;audio;flac;id3;m4a;metadata;mp3;music;ogg;opus;python;reader;tag;tags;wav;wma","topic:audio language:Python stars:>=50"
"lss233/kirara-ai","https://github.com/lss233/kirara-ai","lss233","Python","18719","False","False","12/5/2022 1:14:58 PM","5/2/2026 3:04:03 PM","🤖 可 DIY 的 多模态 AI 聊天机器人 | 🚀 快速接入 微信、 QQ、Telegram、等聊天平台 | 🦈支持DeepSeek、Grok、Claude、Ollama、Gemini、OpenAI | 工作流系统、网页搜索、AI画图、人设调教、虚拟女仆、语音对话 | ","bard;bot;chatglm-6b;chatgpt;deepseek;discord;ernie;go-cqhttp;grok;mirai;new-bing;ollama;openai;poe;qq;qqbot;sydney;telegram;wechat;xinghuo","topic:deepseek language:Python stars:>=50"
"gpt-open/rag-gpt","https://github.com/gpt-open/rag-gpt","gpt-open","Python","493","False","False","4/9/2024 3:19:04 AM","5/2/2026 6:58:07 AM","RAG-GPT, leveraging LLM and RAG technology, learns from user-customized knowledge bases to provide contextually relevant answers for a wide range of queries, ensuring rapid and accurate information retrieval.","claude;deepseek;gpt;gpt-4o;gpt-4o-mini;liama;llamaparse;llm;moonshot;nextjs;ollama;openai;python;qwen;rag;zhipuai","topic:deepseek language:Python stars:>=50"
"unslothai/unsloth","https://github.com/unslothai/unsloth","unslothai","Python","63478","False","False","11/29/2023 4:50:09 PM","5/3/2026 8:00:29 AM","Web UI for training and running open models like Gemma 4, Qwen3.6, DeepSeek, gpt-oss locally.","agent;deepseek;fine-tuning;gemma;gemma3;gpt-oss;llama;llama3;llm;llms;mistral;openai;qwen;reinforcement-learning;self-hosted;text-to-speech;tts;ui;unsloth","topic:deepseek language:Python stars:>=50 | topic:llm stars:>=100"
"nyrahealth/CrisperWhisper","https://github.com/nyrahealth/CrisperWhisper","nyrahealth","Python","942","False","False","5/24/2024 9:30:00 AM","4/26/2026 1:47:15 PM","Verbatim Automatic Speech Recognition with improved word-level timestamps and filler detection","asr;audio;detection;filler;recognition;speech;speech-processing;speech-recognition;timestamps;transcription;verbatim;whisper","topic:audio language:Python stars:>=50"
"eriklindernoren/ML-From-Scratch","https://github.com/eriklindernoren/ML-From-Scratch","eriklindernoren","Python","31410","False","False","2/5/2017 12:11:23 PM","5/3/2026 5:55:26 AM","Machine Learning From Scratch. Bare bones NumPy implementations of machine learning models and algorithms with a focus on accessibility. Aims to cover everything from linear regression to deep learning.","data-mining;data-science;deep-learning;deep-reinforcement-learning;genetic-algorithm;machine-learning;machine-learning-from-scratch","topic:deep-learning language:Python stars:>=50"
"firecrawl/firecrawl","https://github.com/firecrawl/firecrawl","firecrawl","TypeScript","114392","False","False","4/15/2024 9:02:29 PM","5/3/2026 8:21:08 AM","🔥 The API to search, scrape, and interact with the web for AI","ai;ai-agents;ai-crawler;ai-scraping;ai-search;crawler;data-extraction;html-to-markdown;llm;markdown;scraper;scraping;web-crawler;web-data;web-data-extraction;web-scraper;web-scraping;web-search;webscraping","topic:llm stars:>=100"
"AI-Hypercomputer/maxtext","https://github.com/AI-Hypercomputer/maxtext","AI-Hypercomputer","Python","2265","False","False","2/28/2023 7:47:29 PM","5/2/2026 4:37:57 PM","A simple, performant and scalable Jax LLM!","deepseek;fine-tuning;gemma2;gemma3;gpt;jax;large-language-models;llama2;llama3;llama4;llm;mistral;mixtral;sft","topic:deepseek language:Python stars:>=50"
"readbeyond/aeneas","https://github.com/readbeyond/aeneas","readbeyond","Python","2830","False","False","5/11/2015 11:19:46 AM","5/3/2026 2:53:22 AM","aeneas is a Python/C library and a set of tools to automagically synchronize audio and text (aka forced alignment)","alignment;audio;cli;dtw;espeak;espeak-ng;festival;ffmpeg;forced-alignment;linux;macos;nlp;python;smil;speech;srt;text;text-to-speech;tts;windows","topic:audio language:Python stars:>=50"
"run-llama/llama_index","https://github.com/run-llama/llama_index","run-llama","Python","49105","False","False","11/2/2022 4:24:54 AM","5/3/2026 7:42:25 AM","LlamaIndex is the leading document agent and OCR platform","agents;application;data;fine-tuning;framework;llamaindex;llm;multi-agents;rag;vector-database","topic:llm stars:>=100"
"unclecode/crawl4ai","https://github.com/unclecode/crawl4ai","unclecode","Python","64927","False","False","5/9/2024 9:48:50 AM","5/3/2026 8:12:47 AM","🚀🤖 Crawl4AI: Open-source LLM Friendly Web Crawler & Scraper. Don't be shy, join here: https://discord.gg/jP8KfhDhyN","","t language:Python stars:>=50"
"keras-team/keras","https://github.com/keras-team/keras","keras-team","Python","64059","False","False","3/28/2015 12:35:42 AM","5/3/2026 1:11:59 AM","Deep Learning for humans","data-science;deep-learning;jax;machine-learning;neural-networks;python;pytorch;tensorflow","topic:deep-learning language:Python stars:>=50"
"szczyglis-dev/py-gpt","https://github.com/szczyglis-dev/py-gpt","szczyglis-dev","Python","1759","False","False","4/9/2023 11:48:06 PM","5/2/2026 11:40:26 PM","Desktop AI Assistant powered by GPT-5, GPT-4, o1, o3, Gemini, Claude, Ollama, DeepSeek, Perplexity, Grok, Bielik, chat, vision, voice, RAG, image and video generation, agents, tools, MCP, plugins, speech synthesis and recognition, web search, memory, presets, assistants,and more. Linux, Windows, Mac","ai;ai-assistant;artificial-intelligence;autonomous-agent;chatbot;claude;deepseek;desktop-app;gemini;gpt-4;gpt-5;grok;llama-index;llm;mcp;o1;ollama;openai;perplexity;sora2","topic:deepseek language:Python stars:>=50"
"google/langextract","https://github.com/google/langextract","google","Python","36356","False","False","7/8/2025 8:46:06 PM","5/3/2026 6:46:05 AM","A Python library for extracting structured information from unstructured text using LLMs with precise source grounding and interactive visualization.","gemini;gemini-ai;gemini-api;gemini-flash;gemini-pro;information-extration;large-language-models;llm;nlp;python;structured-data","topic:llm stars:>=100"
"trustedsec/social-engineer-toolkit","https://github.com/trustedsec/social-engineer-toolkit","trustedsec","Python","14827","False","False","12/31/2012 10:01:33 PM","5/2/2026 7:32:16 PM","The Social-Engineer Toolkit (SET) repository from TrustedSec - All new versions of SET will be deployed here.","","t language:Python stars:>=50"
"modelscope/ClearerVoice-Studio","https://github.com/modelscope/ClearerVoice-Studio","modelscope","Python","4115","False","False","11/12/2024 7:26:34 AM","5/2/2026 8:26:38 AM","An AI-Powered Speech Processing Toolkit and Open Source SOTA Pretrained Models, Supporting Speech Enhancement, Separation, and Target Speaker Extraction, etc.","audio;bandwidth-extension;deep-learning;noise-suppression;pytorch;speaker-extraction;speech;speech-enhancement;speech-quality-evaluation;speech-separation;speech-super-resolution","topic:audio language:Python stars:>=50"
"hiyouga/EasyR1","https://github.com/hiyouga/EasyR1","hiyouga","Python","4903","False","False","2/22/2025 4:17:31 AM","5/3/2026 7:56:13 AM","EasyR1: An Efficient, Scalable, Multi-Modality RL Training Framework based on veRL","ai;deepseek;gpt;llm;nlp;qwen;reinforcement-learning;rl","topic:deepseek language:Python stars:>=50"
"maziyarpanahi/openmed","https://github.com/maziyarpanahi/openmed","maziyarpanahi","Python","1077","False","False","10/4/2025 3:13:34 PM","5/3/2026 4:35:05 AM","open-source healthcare ai","bert;deepseek;gpt-oss;healthcare;llama;llm;mlx;on-device;on-premise;qwen;sovereign-ai;swift","topic:deepseek language:Python stars:>=50"
"bolna-ai/bolna","https://github.com/bolna-ai/bolna","bolna-ai","Python","635","False","False","8/24/2024 10:40:26 AM","5/2/2026 10:45:39 PM","Conversational voice AI agents","agentic-ai;agents;ai-agents;cartesia;conversational-ai;deepgram;deepseek;deepseek-chat;elevenlabs;function-calling;gpt-4;llama;openai;plivo;twilio;voice-agents;voice-ai-agents;voice-assistant;whisper","topic:deepseek language:Python stars:>=50"
"microsoft/presidio","https://github.com/microsoft/presidio","microsoft","Python","7922","False","False","5/4/2018 11:08:58 AM","5/3/2026 4:42:22 AM","An open-source framework for detecting, redacting, masking, and anonymizing sensitive data (PII) across text, images, and structured data. Supports NLP, pattern matching, and customizable pipelines.","anonymization;data-anonymization;data-masking;data-obfuscation;data-privacy;data-redaction;de-identification;guardrails;image-redactor;named-entity-recognition;nlp;personally-identifiable-information;phi;pii;pii-detection;privacy;python;sensitive-data;spacy;transformers","transformers language:Python stars:>=50"
"ChaokunHong/MetaScreener","https://github.com/ChaokunHong/MetaScreener","ChaokunHong","Python","1310","False","False","5/8/2025 8:47:55 AM","5/1/2026 4:25:23 PM","AI-powered tool for efficient abstract and PDF screening in systematic reviews.","deepseek;deepseek-llm;literature-screening;llama4scout;llm;metaanalysis;mistral;pdf-screening;qwen3;screening;screening-api;systematic-review","topic:deepseek language:Python stars:>=50"
"iver56/audiomentations","https://github.com/iver56/audiomentations","iver56","Python","2264","False","False","2/12/2019 4:36:24 PM","5/2/2026 5:00:57 AM","A Python library for audio data augmentation. Useful for making audio ML models work well in the real world, not just in the lab.","audio;audio-data-augmentation;audio-effects;augmentation;data-augmentation;deep-learning;dsp;machine-learning;music;python;sound;sound-processing","topic:audio language:Python stars:>=50"
"romanz/amodem","https://github.com/romanz/amodem","romanz","Python","1040","False","False","8/1/2014 8:41:48 AM","4/17/2026 8:53:07 AM","Audio MODEM Communication Library in Python","airgap;audio;modem;python","topic:audio language:Python stars:>=50"
"pytorch/audio","https://github.com/pytorch/audio","pytorch","Python","2874","False","False","5/5/2017 12:38:05 AM","5/1/2026 4:25:31 AM","Data manipulation and transformation for audio signal processing, powered by PyTorch","audio;audio-processing;io;machine-learning;python;pytorch;speech","topic:audio language:Python stars:>=50"
"CorentinJ/Real-Time-Voice-Cloning","https://github.com/CorentinJ/Real-Time-Voice-Cloning","CorentinJ","Python","59709","False","False","5/26/2019 8:56:15 AM","5/3/2026 8:20:43 AM","Clone a voice in 5 seconds to generate arbitrary speech in real-time","deep-learning;python;pytorch;tensorflow;tts;voice-cloning","topic:deep-learning language:Python stars:>=50 | t language:Python stars:>=50"
"NousResearch/hermes-agent","https://github.com/NousResearch/hermes-agent","NousResearch","Python","130195","False","False","7/22/2025 10:22:28 PM","5/3/2026 8:20:46 AM","The agent that grows with you","ai;ai-agent;ai-agents;anthropic;chatgpt;claude;claude-code;clawdbot;codex;hermes;hermes-agent;llm;moltbot;nous-research;openai;openclaw","topic:llm stars:>=100"
"karolpiczak/ESC-50","https://github.com/karolpiczak/ESC-50","karolpiczak","Python","1805","False","False","4/15/2015 9:14:50 AM","5/2/2026 9:14:10 AM","ESC-50: Dataset for Environmental Sound Classification","audio;dataset;environmental-sounds","topic:audio language:Python stars:>=50"
"hiyouga/LlamaFactory","https://github.com/hiyouga/LlamaFactory","hiyouga","Python","70848","False","False","5/28/2023 10:09:12 AM","5/3/2026 8:20:04 AM","Unified Efficient Fine-Tuning of 100+ LLMs & VLMs (ACL 2024)","agent;ai;deepseek;fine-tuning;gemma;gpt;instruction-tuning;large-language-models;llama;llama3;llm;lora;moe;nlp;peft;qlora;quantization;qwen;rlhf;transformers","topic:deepseek language:Python stars:>=50 | transformers language:Python stars:>=50 | topic:llm stars:>=100"
"PDFMathTranslate/PDFMathTranslate","https://github.com/PDFMathTranslate/PDFMathTranslate","PDFMathTranslate","Python","33480","False","False","9/6/2024 6:56:03 AM","5/3/2026 7:34:32 AM","[EMNLP 2025 Demo] PDF scientific paper translation with preserved formats - 基于 AI 完整保留排版的 PDF 文档全文双语翻译，支持 Google/DeepL/Ollama/OpenAI 等服务，提供 CLI/GUI/MCP/Docker/Zotero","chinese;document;edit;english;japanese;korean;latex;math;mcp;modify;obsidian;openai;pdf;pdf2zh;python;russian;translate;translation;zotero","t language:Python stars:>=50"
"eriklindernoren/PyTorch-GAN","https://github.com/eriklindernoren/PyTorch-GAN","eriklindernoren","Python","17453","False","False","4/21/2018 1:06:40 PM","4/30/2026 1:30:29 PM","PyTorch implementations of Generative Adversarial Networks.","","t language:Python stars:>=50"
"MarCmcbri1982/KawaiiGPT","https://github.com/MarCmcbri1982/KawaiiGPT","MarCmcbri1982","Python","841","False","False","3/9/2026 12:43:22 PM","4/30/2026 8:33:01 PM","KawaiiGPT — Open-source LLM gateway accessing DeepSeek, Gemini, and Kimi-K2 through reverse-engineered Pollinations API with no API keys required, built-in prompt injection capabilities for security research, Termux/Linux native support, and Rich console interface","ai-chatbot;deepseek;free-llm-access;gemini;kawaiigpt;kimi-k2;linux-cli;llm-jailbreak;offensive-security;open-source-ai;pentesting-tool;pollinations-api;prompt-injection;python-tool;red-team-tool;reverse-engineered-api;security-research;termux-tool;uncensored-llm;wormgpt-alternative","topic:deepseek language:Python stars:>=50"
"Blaizzy/mlx-audio","https://github.com/Blaizzy/mlx-audio","Blaizzy","Python","6920","False","False","11/27/2024 9:14:34 PM","5/3/2026 2:24:36 AM","A text-to-speech (TTS), speech-to-text (STT) and speech-to-speech (STS) library built on Apple's MLX framework, providing efficient speech analysis on Apple Silicon.","apple-silicon;audio-processing;mlx;multimodal;speech-recognition;speech-synthesis;speech-to-text;text-to-speech;transformers","transformers language:Python stars:>=50"
"datawhalechina/all-in-rag","https://github.com/datawhalechina/all-in-rag","datawhalechina","Python","6924","False","False","6/5/2025 8:12:35 AM","5/3/2026 5:15:15 AM","🔍大模型应用开发实战一：RAG 技术全栈指南，在线阅读地址：https://datawhalechina.github.io/all-in-rag/","ai;deepseek;embedding;kimi-k2;langchain;llama-index;llm;milvus;multimodal;neo4j;python;rag","topic:deepseek language:Python stars:>=50"
"ZhuLinsen/daily_stock_analysis","https://github.com/ZhuLinsen/daily_stock_analysis","ZhuLinsen","Python","33750","False","False","1/10/2026 6:43:20 AM","5/3/2026 8:18:10 AM","LLM驱动的 A/H/美股智能分析器：多数据源行情 + 实时新闻 + LLM决策仪表盘 + 多渠道推送，零成本定时运行，纯白嫖. LLM-powered stock analysis system for A/H/US markets.","agent;ai;aigc;gemini;llm;quant;quantitative-trading;rag;stock","topic:llm stars:>=100"
"explosion/spaCy","https://github.com/explosion/spaCy","explosion","Python","33539","False","False","7/3/2014 3:15:40 PM","5/3/2026 3:37:47 AM","💫 Industrial-strength Natural Language Processing (NLP) in Python","ai;artificial-intelligence;cython;data-science;deep-learning;entity-linking;machine-learning;named-entity-recognition;natural-language-processing;neural-network;neural-networks;nlp;nlp-library;python;spacy;text-classification;tokenization","topic:deep-learning language:Python stars:>=50"
"sczhou/ProPainter","https://github.com/sczhou/ProPainter","sczhou","Python","6665","False","False","9/1/2023 1:11:57 PM","5/2/2026 6:06:40 PM","[ICCV 2023] ProPainter: Improving Propagation and Transformer for Video Inpainting","object-removal;video-completion;video-inpainting;video-outpainting;watermark-removal","transformers language:Python stars:>=50"
"microsoft/Bringing-Old-Photos-Back-to-Life","https://github.com/microsoft/Bringing-Old-Photos-Back-to-Life","microsoft","Python","15691","False","False","6/24/2020 6:37:58 AM","5/3/2026 6:53:26 AM","Bringing Old Photo Back to Life (CVPR 2020 oral)","gans;generative-adversarial-network;image-manipulation;image-restoration;old-photo-restoration;photo-restoration;photos;pytorch","t language:Python stars:>=50"
"karpathy/minGPT","https://github.com/karpathy/minGPT","karpathy","Python","24282","False","False","8/17/2020 7:08:48 AM","5/3/2026 12:03:11 AM","A minimal PyTorch re-implementation of the OpenAI GPT (Generative Pretrained Transformer) training","","transformers language:Python stars:>=50"
"vladmandic/sdnext","https://github.com/vladmandic/sdnext","vladmandic","Python","7077","False","False","12/24/2022 8:59:11 PM","5/2/2026 12:09:24 PM","SD.Next: All-in-one WebUI for AI generative image and video creation, captioning and processing","ai-art;caption;diffusers;generative-art;python;pytorch;sdnext;stable-diffusion;transformers;webui","transformers language:Python stars:>=50"
"xark-argo/argo","https://github.com/xark-argo/argo","xark-argo","Python","679","False","False","8/27/2024 4:52:06 AM","4/29/2026 2:07:43 PM","ARGO is an open-source AI Agent platform that brings Local Manus to your desktop. With one-click model downloads, seamless closed LLM integration, and offline-first RAG knowledge bases, ARGO becomes a DeepResearch powerhouse for autonomous thinking, task planning, and 100% of your data stays locally. Support Win/Mac/Docker.","agent;agentic-ai;ai;aigc;anthropic;artifacts;assistant;chatbot;deepresearch;deepseek;desktop;langgraph;llm;local;manus;mcp;mermaid;ollama;openai;rag","topic:deepseek language:Python stars:>=50"
"MattMoony/figaro","https://github.com/MattMoony/figaro","MattMoony","Python","978","False","False","5/28/2020 10:55:49 PM","5/1/2026 8:50:26 AM","Real-time voice-changer for voice-chat, etc. Will support many different voice-filters and features in the future. 🎵","audio;cli;discord;figaro;microphone;pyaudio;python;roadmap;sound;sound-effects;soundboard;teamspeak;virtual;voice;voice-changer;voice-chat;voice-filters","topic:audio language:Python stars:>=50"
"sansan0/TrendRadar","https://github.com/sansan0/TrendRadar","sansan0","Python","56119","False","False","4/28/2025 11:42:16 AM","5/3/2026 8:21:19 AM","⭐AI-driven public opinion & trend monitor with multi-platform aggregation, RSS, and smart alerts.🎯 告别信息过载，你的 AI 舆情监控助手与热点筛选工具！聚合多平台热点 +  RSS 订阅，支持关键词精准筛选。AI 智能筛选新闻 + AI 翻译 +  AI 分析简报直推手机，也支持接入 MCP 架构，赋能 AI 自然语言对话分析、情感洞察与趋势预测等。支持 Docker ，数据本地/云端自持。集成微信/飞书/钉钉/Telegram/邮件/ntfy/bark/slack 等渠道智能推送。","ai;bark;data-analysis;docker;hot-news;llm;mail;mcp;mcp-server;news;ntfy;python;rss;trending-topics;wechat;wework","t language:Python stars:>=50 | topic:llm stars:>=100"
"SWivid/F5-TTS","https://github.com/SWivid/F5-TTS","SWivid","Python","14423","False","False","10/8/2024 1:36:55 PM","5/3/2026 7:05:23 AM","Official code for ""F5-TTS: A Fairytaler that Fakes Fluent and Faithful Speech with Flow Matching""","","t language:Python stars:>=50"
"arc53/DocsGPT","https://github.com/arc53/DocsGPT","arc53","Python","17872","False","False","2/2/2023 11:03:23 AM","5/2/2026 11:59:16 AM","Private AI platform for agents, assistants and enterprise search. Built-in Agent Builder, Deep research, Document analysis, Multi-model support, and API connectivity for agents.","agent-builder;agents;ai;chatgpt;docsgpt;hacktoberfest;hacktoberfest2025;information-retrieval;language-model;llm;machine-learning;natural-language-processing;python;pytorch;rag;react;search;semantic-search;transformers","transformers language:Python stars:>=50"
"Lightning-AI/pytorch-lightning","https://github.com/Lightning-AI/pytorch-lightning","Lightning-AI","Python","31102","False","False","3/31/2019 12:45:57 AM","5/3/2026 8:01:36 AM","Pretrain, finetune ANY AI model of ANY size on 1 or 10,000+ GPUs with zero code changes.","ai;artificial-intelligence;data-science;deep-learning;machine-learning;python;pytorch","topic:deep-learning language:Python stars:>=50"
"google-research/text-to-text-transfer-transformer","https://github.com/google-research/text-to-text-transfer-transformer","google-research","Python","6513","False","False","10/17/2019 9:45:14 PM","5/2/2026 6:48:43 PM","Code for the paper ""Exploring the Limits of Transfer Learning with a Unified Text-to-Text Transformer""","","transformers language:Python stars:>=50"
"OpenRLHF/OpenRLHF","https://github.com/OpenRLHF/OpenRLHF","OpenRLHF","Python","9440","False","False","7/30/2023 2:20:13 AM","5/3/2026 3:08:52 AM","An Easy-to-use, Scalable and High-performance Agentic RL Framework based on Ray (PPO & DAPO & REINFORCE++ &  VLM & TIS & vLLM & Ray & Async  RL)","large-language-models;proximal-policy-optimization;raylib;reinforcement-learning;reinforcement-learning-from-human-feedback;transformers;visual-language-models;vllm","transformers language:Python stars:>=50"
"fastapi/typer","https://github.com/fastapi/typer","fastapi","Python","19338","False","False","12/24/2019 12:24:11 PM","5/3/2026 2:11:29 AM","Typer, build great CLIs. Easy to code. Based on Python type hints.","cli;click;python;python3;shell;terminal;typehints;typer","t language:Python stars:>=50"
"langchain-ai/langchain","https://github.com/langchain-ai/langchain","langchain-ai","Python","135658","False","False","10/17/2022 2:58:36 AM","5/3/2026 8:12:42 AM","The agent engineering platform","agents;ai;ai-agents;anthropic;chatgpt;deepagents;enterprise;framework;gemini;generative-ai;langchain;langgraph;llm;multiagent;open-source;openai;pydantic;python;rag","topic:llm stars:>=100"
"rasbt/LLMs-from-scratch","https://github.com/rasbt/LLMs-from-scratch","rasbt","Jupyter Notebook","91844","False","False","7/23/2023 6:15:57 PM","5/3/2026 8:06:29 AM","Implement a ChatGPT-like LLM in PyTorch from scratch, step by step","ai;artificial-intelligence;chatbot;chatgpt;deep-learning;from-scratch;generative-ai;gpt;language-model;large-language-models;llm;machine-learning;neural-networks;python;pytorch;transformers","topic:llm stars:>=100"
"acids-ircam/RAVE","https://github.com/acids-ircam/RAVE","acids-ircam","Python","1719","False","False","6/25/2021 8:46:22 AM","4/30/2026 9:54:06 PM","Official implementation of the RAVE model: a Realtime Audio Variational autoEncoder","ai;audio;deep-learning;generative-model;neural-network","topic:audio language:Python stars:>=50"
"mem0ai/mem0","https://github.com/mem0ai/mem0","mem0ai","Python","54636","False","False","6/20/2023 8:58:36 AM","5/3/2026 8:20:12 AM","Universal memory layer for AI Agents","agents;ai;ai-agents;application;chatbots;chatgpt;genai;llm;long-term-memory;memory;memory-management;python;rag;state-management","topic:llm stars:>=100"
"serengil/deepface","https://github.com/serengil/deepface","serengil","Python","22661","False","False","2/8/2020 8:42:28 PM","5/3/2026 1:44:36 AM","A Lightweight Face Recognition and Facial Attribute Analysis (Age, Gender, Emotion and Race) Library for Python","age-prediction;arcface;deep-learning;deepface;deepid;emotion-recognition;face-analysis;face-recognition;facenet;facial-expression-recognition;facial-recognition;gender-prediction;machine-learning;openface;python;race-classification;vgg-face","topic:deep-learning language:Python stars:>=50"
"index-tts/index-tts","https://github.com/index-tts/index-tts","index-tts","Python","20290","False","False","2/6/2025 4:08:05 AM","5/3/2026 8:20:56 AM","An Industrial-Level Controllable and Efficient Zero-Shot Text-To-Speech System","bigvgan;cross-lingual;indextts;text-to-speech;tts;voice-clone;zero-shot-tts","t language:Python stars:>=50"
"tatsu-lab/stanford_alpaca","https://github.com/tatsu-lab/stanford_alpaca","tatsu-lab","Python","30258","False","False","3/10/2023 11:33:09 PM","5/3/2026 8:12:43 AM","Code and documentation to train Stanford's Alpaca models, and generate the data.","deep-learning;instruction-following;language-model","topic:deep-learning language:Python stars:>=50"
"TencentARC/GFPGAN","https://github.com/TencentARC/GFPGAN","TencentARC","Python","37443","False","False","3/19/2021 6:18:20 AM","5/2/2026 5:00:11 PM","GFPGAN aims at developing Practical Algorithms for Real-world Face Restoration.","deep-learning;face-restoration;gan;gfpgan;image-restoration;pytorch;super-resolution","topic:deep-learning language:Python stars:>=50"
"BlinkDL/RWKV-LM","https://github.com/BlinkDL/RWKV-LM","BlinkDL","Python","14505","False","False","8/8/2021 6:05:27 AM","5/2/2026 10:42:18 PM","RWKV (pronounced RwaKuv) is an RNN with great LLM performance, which can also be directly trained like a GPT transformer (parallelizable). We are at RWKV-7 ""Goose"". So it's combining the best of RNN and transformer - great performance, linear time, constant space (no kv-cache), fast training, infinite ctx_len, and free sentence embedding.","attention-mechanism;chatgpt;deep-learning;gpt;gpt-2;gpt-3;language-model;linear-attention;lstm;pytorch;rnn;rwkv;transformer;transformers","transformers language:Python stars:>=50"
"ray-project/ray","https://github.com/ray-project/ray","ray-project","Python","42407","False","False","10/25/2016 7:38:30 PM","5/3/2026 6:14:02 AM","Ray is an AI compute engine. Ray consists of a core distributed runtime and a set of AI Libraries for accelerating ML workloads.","data-science;deep-learning;deployment;distributed;hyperparameter-optimization;hyperparameter-search;large-language-models;llm;llm-inference;llm-serving;machine-learning;optimization;parallel;python;pytorch;ray;reinforcement-learning;rllib;serving;tensorflow","topic:deep-learning language:Python stars:>=50 | topic:llm stars:>=100"
"2noise/ChatTTS","https://github.com/2noise/ChatTTS","2noise","Python","39192","False","False","5/27/2024 6:26:49 PM","5/3/2026 8:19:52 AM","A generative speech model for daily dialogue.","agent;chat;chatgpt;chattts;chinese;chinese-language;english;english-language;gpt;llm;llm-agent;natural-language-inference;python;text-to-speech;torch;torchaudio;tts","t language:Python stars:>=50 | topic:llm stars:>=100"
"jeecgboot/JeecgBoot","https://github.com/jeecgboot/JeecgBoot","jeecgboot","Java","46069","False","False","11/26/2018 10:40:00 AM","5/3/2026 3:53:58 AM","AI低代码平台，支持「低代码 + 零代码」双模式：零代码 5 分钟搭建业务系统，低代码模式一键生成前后端代码。 内置AI 应用，支持AI聊天、知识库、流程编排、MCP与插件，支持各种模型。Skills能力实现：一句话画流程图、设计表单、生成系统。 引领 AI生成→在线配置→代码生成→手工合并的开发模式，解决Java项目80%的重复工作，快速提高效率，又不失灵活性。","activiti;agent;ai;antd;claude-code;cli;codegenerator;codex;flowable;langchain4j;llm;low-code;mcp;mybatis-plus;rag;skills;spring-ai;springboot;springcloud;vue3","topic:llm stars:>=100"
"argosopentech/argos-translate","https://github.com/argosopentech/argos-translate","argosopentech","Python","5925","False","False","4/7/2020 4:22:23 PM","5/2/2026 9:34:42 PM","Open-source offline translation library written in Python","language-models;linux;machine-translation;nlp;open-source;python;transformers;translation","transformers language:Python stars:>=50"
"onnx/onnx","https://github.com/onnx/onnx","onnx","Python","20757","False","False","9/7/2017 4:53:45 AM","5/3/2026 2:57:57 AM","Open standard for machine learning interoperability","ai;artificial-intelligence;deep-learning;deep-neural-networks;dnn;keras;machine-learning;ml;neural-network;onnx;pytorch;scikit-learn;tensorflow","topic:deep-learning language:Python stars:>=50"
"neuml/txtai","https://github.com/neuml/txtai","neuml","Python","12453","False","False","8/9/2020 7:14:59 PM","5/3/2026 4:52:36 AM","💡 All-in-one AI framework for semantic search, LLM orchestration and language model workflows","agents;ai;ai-agents;embeddings;information-retrieval;language-model;large-language-models;llm;nlp;python;rag;retrieval-augmented-generation;search;search-engine;semantic-search;sentence-embeddings;transformers;txtai;vector-database;vector-search","transformers language:Python stars:>=50"
"rohitg00/ai-engineering-from-scratch","https://github.com/rohitg00/ai-engineering-from-scratch","rohitg00","Python","6207","False","False","3/18/2026 6:38:02 PM","5/3/2026 8:13:39 AM","Learn it. Build it. Ship it for others.","agents;ai;ai-agents;ai-engineering;computer-vision;course;deep-learning;from-scratch;generative-ai;llm;machine-learning;mcp;nlp;python;reinforcement-learning;rust;swarm-intelligence;transformers;tutorial;typescript","transformers language:Python stars:>=50"
"weiwill88/Local_Pdf_Chat_RAG","https://github.com/weiwill88/Local_Pdf_Chat_RAG","weiwill88","Python","890","False","False","2/1/2025 3:10:46 AM","5/2/2026 9:38:15 AM","🧠 纯原生 Python 实现的 RAG 框架 | FAISS + BM25 混合检索 | 支持 Ollama / SiliconFlow | 适合新手入门学习","bm25;chinese-nlp;deepseek;document-qa;faiss;gradio;rag;retrieval-augmented-generation","topic:deepseek language:Python stars:>=50"
"ErlichLiu/DeepClaude","https://github.com/ErlichLiu/DeepClaude","ErlichLiu","Python","2789","False","False","2/1/2025 11:04:17 AM","5/2/2026 6:58:46 PM","Unleash Next-Level AI! 🚀  💻 Code Generation: DeepSeek r1 + Claude 3.7 Sonnet - Unparalleled Performance! 📝 Content Creation: DeepSeek r1 + Gemini 2.5 Pro - Superior Quality! 🔌 OpenAI-Compatible. 🌊 Streaming & Non-Streaming Support.  ✨ Experience the Future of AI – Today! Click to Try Now! ✨","ai;claude-3-7-sonnet;deepseek;gemini","topic:deepseek language:Python stars:>=50"
"oobabooga/textgen","https://github.com/oobabooga/textgen","oobabooga","Python","46925","False","False","12/21/2022 4:17:37 AM","5/3/2026 6:22:10 AM","Open-source desktop app for local LLMs. Text, vision, tool-calling, OpenAI/Anthropic-compatible API.","","t language:Python stars:>=50"
"Significant-Gravitas/AutoGPT","https://github.com/Significant-Gravitas/AutoGPT","Significant-Gravitas","Python","183949","False","False","3/16/2023 9:21:07 AM","5/3/2026 8:09:21 AM","AutoGPT is the vision of accessible AI for everyone, to use and to build on. Our mission is to provide the tools, so that you can focus on what matters.","agentic-ai;agents;ai;artificial-intelligence;autonomous-agents;claude;gpt;llama-api;llm;openai;python","topic:llm stars:>=100"
"thu-pacman/chitu","https://github.com/thu-pacman/chitu","thu-pacman","Python","3371","False","False","2/20/2025 6:34:38 AM","4/30/2026 12:56:28 PM","High-performance inference framework for large language models, focusing on efficiency, flexibility, and availability.","deepseek;gpu;llm;llm-serving;model-serving;pytorch","topic:deepseek language:Python stars:>=50"
"kingoflolz/mesh-transformer-jax","https://github.com/kingoflolz/mesh-transformer-jax","kingoflolz","Python","6367","False","False","3/13/2021 11:31:13 PM","4/29/2026 11:44:05 AM","Model parallel transformers in JAX and Haiku","","transformers language:Python stars:>=50"
"tornadoweb/tornado","https://github.com/tornadoweb/tornado","tornadoweb","Python","22216","False","False","9/9/2009 4:55:16 AM","5/2/2026 4:24:34 PM","Tornado is a Python web framework and asynchronous networking library, originally developed at FriendFeed.","asynchronous;python","t language:Python stars:>=50"
"JoeanAmier/TikTokDownloader","https://github.com/JoeanAmier/TikTokDownloader","JoeanAmier","Python","14259","False","False","10/10/2022 2:27:36 PM","5/3/2026 8:15:12 AM","TikTok 发布/喜欢/合辑/直播/视频/图集/音乐；抖音发布/喜欢/收藏/收藏夹/视频/图集/实况/直播/音乐/合集/评论/账号/搜索/热榜数据采集工具/下载工具","abogus;api;csv;docker;douyin;downloader;ffmpeg;httpx;linux;macos;mstoken;pyinstaller;python;rich;server;sqlite;tiktok;ttwid;windows;xlsx","t language:Python stars:>=50"
"HKUDS/nanobot","https://github.com/HKUDS/nanobot","HKUDS","Python","41543","False","False","2/1/2026 7:16:15 AM","5/3/2026 8:19:02 AM","""🐈 nanobot: The Ultra-Lightweight Personal AI Agent""","ai;ai-agent;ai-agents;anthropic;chatgpt;claude;claude-code;codex;llm;nanobot;openai;openclaw","topic:llm stars:>=100"
"qubvel-org/segmentation_models.pytorch","https://github.com/qubvel-org/segmentation_models.pytorch","qubvel-org","Python","11524","False","False","3/1/2019 4:21:21 PM","5/3/2026 5:27:59 AM","Semantic segmentation models with 500+ pretrained convolutional and transformer-based backbones.","computer-vision;deeplab-v3-plus;deeplabv3;dpt;fpn;image-processing;image-segmentation;imagenet;models;pretrained-weights;pspnet;pytorch;segformer;segmentation;segmentation-models;semantic-segmentation;transformers;unet;unet-pytorch;unetplusplus","transformers language:Python stars:>=50"
"clovaai/donut","https://github.com/clovaai/donut","clovaai","Python","6855","False","False","7/20/2022 1:21:19 AM","5/2/2026 9:53:04 PM","Official Implementation of OCR-free Document Understanding Transformer (Donut) and Synthetic Document Generator (SynthDoG), ECCV 2022","computer-vision;document-ai;eccv-2022;multimodal-pre-trained-model;nlp;ocr","transformers language:Python stars:>=50"
"huawei-csl/SINQ","https://github.com/huawei-csl/SINQ","huawei-csl","Python","615","False","False","9/26/2025 9:28:30 AM","5/1/2026 4:23:28 PM","Welcome to the official repository of SINQ! A novel, fast and high-quality quantization method designed to make any Large Language Model smaller while preserving accuracy.","ai;deepseek;huawei;large-language-models;model-agnostic;plug-and-play;quantization;qwen","topic:deepseek language:Python stars:>=50"
"Mintplex-Labs/anything-llm","https://github.com/Mintplex-Labs/anything-llm","Mintplex-Labs","JavaScript","59434","False","False","6/4/2023 2:29:14 AM","5/3/2026 8:20:02 AM","The all-in-one AI productivity accelerator. On device and privacy first with no annoying setup or configuration.","ai-agents;custom-ai-agents;deepseek;kimi;llama3;llm;lmstudio;local-llm;localai;mcp;mcp-servers;moonshot;multimodal;no-code;ollama;qwen3;rag;vector-database;web-scraping","topic:llm stars:>=100"
"Evil0ctal/Douyin_TikTok_Download_API","https://github.com/Evil0ctal/Douyin_TikTok_Download_API","Evil0ctal","Python","17567","False","False","11/7/2021 1:35:09 AM","5/3/2026 8:14:09 AM","🚀「Douyin_TikTok_Download_API」是一个开箱即用的高性能异步抖音、快手、TikTok、Bilibili数据爬取工具，支持API调用，在线批量解析及下载。","api;async;crawler;douyin;douyin-api;douyin-scraper;douyin-tiktok-api;douyin-tiktok-download;fastapi;no-watermark;online-parsing;python;pywebio;scraper;spider;tiktok;tiktok-api;tiktok-scraper;tiktok-signature;web-scraping","t language:Python stars:>=50"
"aiming-lab/SimpleMem","https://github.com/aiming-lab/SimpleMem","aiming-lab","Python","3266","False","False","1/1/2026 11:53:40 PM","5/3/2026 4:18:21 AM","SimpleMem: Efficient Lifelong Memory for LLM Agents — Text & Multimodal","agent;audio;compression;knowledge-graph;lifelong-memory;llm;mcp;memory;multimodal;python;rag;retrieval;semantic-search;simplemem;video;vision","topic:audio language:Python stars:>=50"
"jacobgil/pytorch-grad-cam","https://github.com/jacobgil/pytorch-grad-cam","jacobgil","Python","12789","False","False","5/31/2017 7:55:15 PM","5/3/2026 8:11:45 AM","Advanced AI Explainability for computer vision.  Support for CNNs, Vision Transformers, Classification, Object detection, Segmentation, Image similarity and more.","class-activation-maps;computer-vision;deep-learning;explainable-ai;explainable-ml;grad-cam;image-classification;interpretability;interpretable-ai;interpretable-deep-learning;machine-learning;object-detection;pytorch;score-cam;vision-transformers;visualizations;xai","transformers language:Python stars:>=50"
"ultralytics/yolov5","https://github.com/ultralytics/yolov5","ultralytics","Python","57329","False","False","5/18/2020 3:45:11 AM","5/3/2026 7:04:35 AM","YOLOv5 🚀 in PyTorch > ONNX > CoreML > TFLite","coreml;deep-learning;ios;machine-learning;ml;object-detection;onnx;pytorch;tflite;ultralytics;yolo;yolov3;yolov5","topic:deep-learning language:Python stars:>=50"
"Tencent/AngelSlim","https://github.com/Tencent/AngelSlim","Tencent","Python","890","False","False","7/4/2025 2:10:39 AM","5/3/2026 8:18:11 AM","Model compression toolkit engineered for enhanced usability, comprehensiveness, and efficiency.","audio;deepseek;dflash;diffusion;eagle;fp4;hunyuan;llm;llm-compression;quantization;qwen;speculative-decoding;vlm","topic:audio language:Python stars:>=50 | topic:deepseek language:Python stars:>=50"
"rtk-ai/rtk","https://github.com/rtk-ai/rtk","rtk-ai","Rust","40229","False","False","1/22/2026 4:54:16 PM","5/3/2026 8:20:05 AM","CLI proxy that reduces LLM token consumption by 60-90% on common dev commands. Single Rust binary, zero dependencies","agentic-coding;ai-coding;anthropic;claude-code;cli;command-line-tool;cost-reduction;developer-tools;llm;open-source;productivity;rust;token-optimization","topic:llm stars:>=100"
"gradio-app/gradio","https://github.com/gradio-app/gradio","gradio-app","Python","42486","False","False","12/19/2018 8:24:04 AM","5/3/2026 7:41:52 AM","Build and share delightful machine learning apps, all in Python. 🌟 Star to support our work!","data-analysis;data-science;data-visualization;deep-learning;deploy;gradio;gradio-interface;interface;machine-learning;models;python;python-notebook;ui;ui-components","topic:deep-learning language:Python stars:>=50"
"langbot-app/LangBot","https://github.com/langbot-app/LangBot","langbot-app","Python","15955","False","False","12/7/2022 8:48:02 AM","5/3/2026 7:11:18 AM","Production-grade platform for building agentic IM bots - 生产级多平台智能机器人开发平台. 提供 Agent、知识库编排、插件系统 / Bots for Discord / Slack / LINE / Telegram / WeChat(企业微信, 企微智能机器人, 公众号) / 飞书 / 钉钉 / QQ / Satori e.g. Integrated with ChatGPT(GPT), DeepSeek, Dify, n8n, Langflow, Coze, Claude, Gemini, MiniMax, Ollama, SiliconFlow, Moonshot, GLM, clawdbot / openclaw","agent;coze;deepseek;dify;dingtalk;discord;feishu;kook;langbot;lark;line;llm;n8n;ollama;openai;plugins;qq;rag;telegram;wechat","topic:deepseek language:Python stars:>=50"
"tinygrad/tinygrad","https://github.com/tinygrad/tinygrad","tinygrad","Python","32610","False","False","10/18/2020 4:23:12 PM","5/3/2026 7:28:38 AM","You like pytorch? You like micrograd? You love tinygrad! ❤️ ","","t language:Python stars:>=50"
"iver56/torch-audiomentations","https://github.com/iver56/torch-audiomentations","iver56","Python","1144","False","False","6/22/2020 4:28:52 PM","4/29/2026 6:34:33 PM","Fast audio data augmentation in PyTorch. Inspired by audiomentations. Useful for deep learning.","audio;audio-data-augmentation;audio-effects;augmentation;data-augmentation;deep-learning;differentiable-data-augmentation;dsp;machine-learning;music;python;pytorch;sound;sound-processing;waveform","topic:audio language:Python stars:>=50"
"mudler/LocalAI","https://github.com/mudler/LocalAI","mudler","Go","46015","False","False","3/18/2023 10:58:02 PM","5/3/2026 7:39:57 AM","LocalAI is the open-source AI engine. Run any model - LLMs, vision, voice, image, video - on any hardware. No GPU required.","agents;ai;api;audio-generation;decentralized;distributed;image-generation;libp2p;llama;llm;mamba;mcp;musicgen;object-detection;rerank;stable-diffusion;text-generation;tts","topic:llm stars:>=100"
"lucidrains/vit-pytorch","https://github.com/lucidrains/vit-pytorch","lucidrains","Python","25139","False","False","10/3/2020 10:47:24 PM","5/3/2026 7:44:12 AM","Implementation of Vision Transformer, a simple way to achieve SOTA in vision classification with only a single transformer encoder, in Pytorch","artificial-intelligence;attention-mechanism;computer-vision;image-classification;transformers","transformers language:Python stars:>=50"
"Haohao-end/openagent","https://github.com/Haohao-end/openagent","Haohao-end","Python","798","False","False","6/20/2025 2:04:17 AM","5/2/2026 4:10:15 AM","AI Agent Development Platform - Supports multiple models (OpenAI/DeepSeek/Wenxin/Tongyi), knowledge base management, workflow automation, and enterprise-grade security. Built with Flask + Vue3 + LangChain, featuring one-click Docker deployment.","agent;ai;aiagent;celery;deepseek;docker;faiss-vector-database;flask;langchain;langgraph;llmops;nginx;postgresql;tailwindcss;vue;weaviate","topic:deepseek language:Python stars:>=50"
